date,channel,spend,clicks,conversions,revenue,cpc,cvr,roas
2024-03-01,Google Ads,64.77,58,3,178.13,1.1167241379310344,0.05172413793103448,2.7501929905820597
2024-03-01,Facebook,126.18,62,4,262.65,2.0351612903225806,0.06451612903225806,2.0815501664289107
2024-03-01,Instagram,55.3,36,2,228.67,1.536111111111111,0.05555555555555555,4.135081374321881
2024-03-01,Tiktok,129.04,98,5,169.57,1.316734693877551,0.05102040816326531,1.3140886546807191
2024-03-01,Linkedin,192.03,133,7,743.87,1.4438345864661655,0.05263157894736842,3.8737176482841225
2024-03-01,Email,120.63,73,1,30.4,1.6524657534246574,0.0136986301369863,0.2520102793666584
2024-03-02,Google Ads,93.35,51,4,402.01,1.830392156862745,0.0784313725490196,4.306480985538297
2024-03-02,Facebook,127.57,65,3,81.75,1.9626153846153844,0.046153846153846156,0.6408246452927805
2024-03-02,Instagram,131.15,97,5,448.71,1.3520618556701032,0.05154639175257732,3.4213495996950054
2024-03-02,Tiktok,100.47,61,1,35.37,1.6470491803278688,0.01639344262295082,0.3520453866825918
2024-03-02,Linkedin,82.88,50,1,53.1,1.6576,0.02,0.6406853281853282
2024-03-02,Email,59.05,42,1,111.14,1.4059523809523808,0.023809523809523808,1.8821337849280273
2024-03-03,Google Ads,137.45,104,3,229.27,1.3216346153846152,0.028846153846153848,1.6680247362677338
2024-03-03,Facebook,258.42,189,14,1311.97,1.3673015873015875,0.07407407407407407,5.076890333565514
2024-03-03,Instagram,78.27,57,4,87.3,1.3731578947368421,0.07017543859649122,1.1153698735147566
2024-03-03,Tiktok,61.64,41,1,25.76,1.5034146341463415,0.024390243902439025,0.41791044776119407
2024-03-03,Linkedin,135.24,107,1,54.48,1.2639252336448599,0.009345794392523364,0.40283939662821644
2024-03-03,Email,165.79,125,4,207.63,1.32632,0.032,1.2523674528017372
2024-03-04,Google Ads,51.17,25,0,0.0,2.0468,0.0,0.0
2024-03-04,Facebook,36.93,32,0,0.0,1.1540625,0.0,0.0
2024-03-04,Instagram,153.93,107,3,95.08,1.4385981308411215,0.028037383177570093,0.6176833625674008
2024-03-04,Tiktok,208.97,148,5,590.34,1.4119594594594596,0.033783783783783786,2.8249988036560274
2024-03-04,Linkedin,17.99,18,0,0.0,0.9994444444444444,0.0,0.0
2024-03-04,Email,NaN,124,8,528.56,NaN,0.06451612903225806,NaN
2024-03-05,Google Ads,222.71,151,6,362.76,1.4749006622516556,0.039735099337748346,1.6288446859144177
2024-03-05,Facebook,172.7,100,4,149.35,1.7269999999999999,0.04,0.8647944412275622
2024-03-05,Instagram,81.89,63,4,273.84,1.2998412698412698,0.06349206349206349,3.343998046159482
2024-03-05,Tiktok,128.85,97,3,197.9,1.3283505154639175,0.030927835051546393,1.5358944509119132
2024-03-05,Linkedin,263.16,186,9,618.41,1.4148387096774195,0.04838709677419355,2.349939200486396
2024-03-05,Email,53.36,55,2,121.11,0.9701818181818181,0.03636363636363636,2.2696776611694154
2024-03-06,Google Ads,123.67,77,6,592.06,1.606103896103896,0.07792207792207792,4.787418128891404
2024-03-06,Facebook,155.11,123,3,285.87,1.2610569105691058,0.024390243902439025,1.8430146347753207
2024-03-06,Instagram,130.87,91,7,496.56,1.4381318681318682,0.07692307692307693,3.7942996867120042
2024-03-06,Tiktok,102.79,62,0,0.0,1.6579032258064517,0.0,0.0
2024-03-06,Linkedin,68.86,22,1,83.9,3.13,0.045454545454545456,1.2184141736857392
2024-03-06,Email,127.83,78,2,75.27,1.6388461538461538,0.02564102564102564,0.5888289134006102
2024-03-07,Google Ads,104.08,76,4,240.97,1.3694736842105264,0.05263157894736842,2.315238278247502
2024-03-07,Facebook,80.17,55,1,46.08,1.4576363636363636,0.01818181818181818,0.5747785954845952
2024-03-07,Instagram,98.65,76,5,190.05,1.2980263157894738,0.06578947368421052,1.9265078560567663
2024-03-07,Tiktok,132.02,99,5,566.38,1.3335353535353536,0.050505050505050504,4.2901075594606874
2024-03-07,Linkedin,122.26,76,2,188.52,1.608684210526316,0.02631578947368421,1.5419597578930149
2024-03-07,Email,413.28,291,23,750.33,1.4202061855670103,0.07903780068728522,1.815548780487805
2024-03-08,Google Ads,477.19,344,12,1219.64,1.3871802325581395,0.03488372093023256,2.5558792095391776
2024-03-08,Facebook,56.13,32,1,80.35,1.7540625,0.03125,1.4314983075004453
2024-03-08,Instagram,28.58,9,0,0.0,3.1755555555555555,0.0,0.0
2024-03-08,Tiktok,79.55,74,2,158.76,1.075,0.02702702702702703,1.9957259585166562
2024-03-08,Linkedin,39.47,31,1,60.58,1.2732258064516129,0.03225806451612903,1.5348365847479097
2024-03-08,Email,76.79,48,2,182.37,1.5997916666666667,0.041666666666666664,2.374918609193905
2024-03-09,Google Ads,NaN,102,2,102.65,NaN,0.0196078431372549,NaN
2024-03-09,Facebook,77.52,49,3,315.54,1.5820408163265305,0.061224489795918366,4.070433436532508
2024-03-09,Instagram,42.54,34,1,82.74,1.2511764705882353,0.029411764705882353,1.9449929478138221
2024-03-09,Tiktok,74.65,41,0,0.0,1.8207317073170732,0.0,0.0
2024-03-09,Linkedin,68.36,35,2,139.85,1.953142857142857,0.05714285714285714,2.0457870099473374
2024-03-09,Email,80.31,61,3,312.63,1.3165573770491803,0.04918032786885246,3.8927904370564064
2024-03-10,Google Ads,49.5,36,0,0.0,1.375,0.0,0.0
2024-03-10,Facebook,64.91,46,3,346.52,1.411086956521739,0.06521739130434782,5.338468648898475
2024-03-10,Instagram,118.56,83,1,34.65,1.4284337349397591,0.012048192771084338,0.2922570850202429
2024-03-10,Tiktok,111.81,56,2,122.78,1.9966071428571428,0.03571428571428571,1.0981128700474019
2024-03-10,Linkedin,167.1,117,6,254.34,1.4282051282051282,0.05128205128205128,1.5220825852782764
2024-03-10,Email,66.13,55,4,125.32,1.2023636363636363,0.07272727272727272,1.8950551943142295
2024-03-11,Google Ads,120.23,86,4,215.39,1.3980232558139536,0.046511627906976744,1.7914829909340428
2024-03-11,Facebook,83.14,52,1,50.8,1.5988461538461538,0.019230769230769232,0.6110175607409188
2024-03-11,Instagram,NaN,142,1,62.29,NaN,0.007042253521126761,NaN
2024-03-11,Tiktok,66.42,52,2,213.82,1.2773076923076923,0.038461538461538464,3.2192110809996985
2024-03-11,Linkedin,376.14,267,15,793.26,1.4087640449438201,0.056179775280898875,2.10894879566119
2024-03-11,Email,33.85,19,1,118.6,1.7815789473684212,0.05263157894736842,3.5036927621861147
2024-03-12,Google Ads,213.49,141,10,495.37,1.514113475177305,0.07092198581560284,2.3203428732024918
2024-03-12,Facebook,117.82,82,4,378.61,1.4368292682926829,0.04878048780487805,3.2134612120183332
2024-03-12,Instagram,74.9,41,2,128.22,1.826829268292683,0.04878048780487805,1.711882510013351
2024-03-12,Tiktok,236.5,173,10,736.4,1.3670520231213872,0.057803468208092484,3.1137420718816067
2024-03-12,Linkedin,171.54,125,3,167.48,1.37232,0.024,0.9763320508336248
2024-03-12,Email,67.73,52,3,260.81,1.3025,0.057692307692307696,3.8507308430532996
2024-03-13,Google Ads,147.96,90,2,167.75,1.6440000000000001,0.022222222222222223,1.1337523655041903
2024-03-13,Facebook,78.1,58,0,0.0,1.346551724137931,0.0,0.0
2024-03-13,Instagram,115.58,85,5,161.95,1.359764705882353,0.058823529411764705,1.4011939781969198
2024-03-13,Tiktok,47.2,21,0,0.0,2.2476190476190476,0.0,0.0
2024-03-13,Linkedin,176.94,133,6,647.85,1.330375939849624,0.045112781954887216,3.661410647677179
2024-03-13,Email,292.41,211,11,868.55,1.385829383886256,0.052132701421800945,2.9703156526794565
2024-03-14,Google Ads,198.65,143,10,828.29,1.3891608391608392,0.06993006993006994,4.169594764661465
2024-03-14,Facebook,103.36,74,1,106.43,1.3967567567567567,0.013513513513513514,1.029702012383901
2024-03-14,Instagram,93.72,72,2,233.61,1.3016666666666667,0.027777777777777776,2.492637644046095
2024-03-14,Tiktok,245.13,164,2,138.54,1.4946951219512195,0.012195121951219513,0.5651695018969526
2024-03-14,Linkedin,403.92,279,15,1518.54,1.447741935483871,0.053763440860215055,3.7595068330362444
2024-03-14,Email,89.94,64,2,225.17,1.4053125,0.03125,2.503557927507227
2024-03-15,Google Ads,NaN,100,3,316.89,NaN,0.03,NaN
2024-03-15,Facebook,86.12,44,1,99.34,1.9572727272727273,0.022727272727272728,1.153506734788667
2024-03-15,Instagram,107.53,57,1,89.18,1.8864912280701756,0.017543859649122806,0.8293499488514834
2024-03-15,Tiktok,71.91,67,1,34.29,1.073283582089552,0.014925373134328358,0.47684605757196497
2024-03-15,Linkedin,67.71,32,0,0.0,2.1159375,0.0,0.0
2024-03-15,Email,138.38,88,4,409.85,1.5725,0.045454545454545456,2.961771932360168
2024-03-16,Google Ads,259.03,178,11,1150.88,1.4552247191011234,0.06179775280898876,4.443037486005483
2024-03-16,Facebook,53.41,40,2,156.05,1.3352499999999998,0.05,2.921737502340386
2024-03-16,Instagram,183.06,154,10,642.6,1.1887012987012988,0.06493506493506493,3.510324483775811
2024-03-16,Tiktok,161.34,106,3,65.61,1.5220754716981133,0.02830188679245283,0.4066567497210859
2024-03-16,Linkedin,48.0,50,2,182.54,0.96,0.04,3.8029166666666665
2024-03-16,Email,103.79,84,2,149.5,1.2355952380952382,0.023809523809523808,1.4404085171981886
2024-03-17,Google Ads,33.63,21,0,0.0,1.6014285714285716,0.0,0.0
2024-03-17,Facebook,108.45,72,4,137.75,1.50625,0.05555555555555555,1.2701705855232825
2024-03-17,Instagram,169.0,101,7,684.34,1.6732673267326732,0.06930693069306931,4.049349112426036
2024-03-17,Tiktok,162.53,124,9,990.44,1.310725806451613,0.07258064516129033,6.093890358703009
2024-03-17,Linkedin,184.23,143,3,83.12,1.2883216783216782,0.02097902097902098,0.451175161482929
2024-03-17,Email,70.02,41,1,96.18,1.7078048780487805,0.024390243902439025,1.3736075407026564
2024-03-18,Google Ads,143.27,99,7,389.05,1.4471717171717173,0.0707070707070707,2.7155021986459134
2024-03-18,Facebook,118.07,84,3,190.5,1.4055952380952381,0.03571428571428571,1.6134496485135936
2024-03-18,Instagram,44.67,47,2,58.05,0.9504255319148937,0.0425531914893617,1.2995298858294155
2024-03-18,Tiktok,NaN,92,5,304.95,NaN,0.05434782608695652,NaN
2024-03-18,Linkedin,278.54,205,3,216.17,1.3587317073170733,0.014634146341463415,0.7760824298125941
2024-03-18,Email,91.36,42,0,0.0,2.1752380952380954,0.0,0.0
2024-03-19,Google Ads,NaN,104,4,154.46,NaN,0.038461538461538464,NaN
2024-03-19,Facebook,209.94,137,10,943.72,1.5324087591240876,0.072992700729927,4.49518910164809
2024-03-19,Instagram,116.67,71,4,250.39,1.6432394366197183,0.056338028169014086,2.1461386817519497
2024-03-19,Tiktok,73.92,55,0,0.0,1.344,0.0,0.0
2024-03-19,Linkedin,91.73,72,5,470.09,1.2740277777777778,0.06944444444444445,5.124713834078273
2024-03-19,Email,96.81,67,1,112.6,1.4449253731343283,0.014925373134328358,1.1631029852287986
2024-03-20,Google Ads,54.11,34,2,138.79,1.5914705882352942,0.058823529411764705,2.5649602661245607
2024-03-20,Facebook,17.88,0,0,0.0,NaN,NaN,0.0
2024-03-20,Instagram,121.0,100,1,113.45,1.21,0.01,0.937603305785124
2024-03-20,Tiktok,117.54,82,3,213.39,1.4334146341463416,0.036585365853658534,1.8154670750382846
2024-03-20,Linkedin,97.68,77,4,382.44,1.2685714285714287,0.05194805194805195,3.915233415233415
2024-03-20,Email,277.73,197,9,224.11,1.4097969543147209,0.04568527918781726,0.8069347927843589
2024-03-21,Google Ads,101.48,87,3,75.07,1.1664367816091954,0.034482758620689655,0.7397516752069372
2024-03-21,Facebook,181.48,123,8,663.79,1.4754471544715446,0.06504065040650407,3.6576482256998015
2024-03-21,Instagram,152.33,94,1,80.96,1.6205319148936173,0.010638297872340425,0.5314777128602376
2024-03-21,Tiktok,61.92,32,1,94.53,1.935,0.03125,1.5266472868217054
2024-03-21,Linkedin,129.63,94,2,201.4,1.3790425531914894,0.02127659574468085,1.5536527038494177
2024-03-21,Email,63.3,39,0,0.0,1.623076923076923,0.0,0.0
2024-03-22,Google Ads,171.26,120,2,234.91,1.4271666666666667,0.016666666666666666,1.3716571295106856
2024-03-22,Facebook,NaN,208,2,229.19,NaN,0.009615384615384616,NaN
2024-03-22,Instagram,150.87,103,6,614.7,1.464757281553398,0.05825242718446602,4.074368661761782
2024-03-22,Tiktok,257.13,174,6,699.06,1.4777586206896551,0.034482758620689655,2.7187026017967564
2024-03-22,Linkedin,80.39,52,1,69.56,1.5459615384615384,0.019230769230769232,0.8652817514616246
2024-03-22,Email,58.81,27,1,111.04,2.178148148148148,0.037037037037037035,1.8881142662812447
2024-03-23,Google Ads,192.97,143,11,453.3,1.3494405594405594,0.07692307692307693,2.349069803596414
2024-03-23,Facebook,168.43,130,9,1040.96,1.2956153846153846,0.06923076923076923,6.180371667755151
2024-03-23,Instagram,63.2,54,2,151.12,1.1703703703703705,0.037037037037037035,2.391139240506329
2024-03-23,Tiktok,84.58,70,1,45.76,1.2082857142857142,0.014285714285714285,0.5410262473397967
2024-03-23,Linkedin,63.0,32,1,57.28,1.96875,0.03125,0.9092063492063492
2024-03-23,Email,NaN,19,0,0.0,NaN,0.0,NaN
2024-03-24,Google Ads,114.79,74,3,153.82,1.5512162162162162,0.04054054054054054,1.3400121961843365
2024-03-24,Facebook,77.44,53,1,104.99,1.461132075471698,0.018867924528301886,1.3557592975206612
2024-03-24,Instagram,61.2,29,0,0.0,2.110344827586207,0.0,0.0
2024-03-24,Tiktok,149.11,122,1,99.81,1.2222131147540984,0.00819672131147541,0.6693716048554758
2024-03-24,Linkedin,187.43,127,9,615.53,1.4758267716535434,0.07086614173228346,3.284052713012858
2024-03-24,Email,125.46,88,1,69.94,1.425681818181818,0.011363636363636364,0.5574685158616293
2024-03-25,Google Ads,125.98,91,6,307.05,1.3843956043956045,0.06593406593406594,2.4372916335926336
2024-03-25,Facebook,221.67,163,10,996.63,1.3599386503067483,0.06134969325153374,4.496007578833401
2024-03-25,Instagram,76.76,54,2,144.54,1.4214814814814816,0.037037037037037035,1.883011985409067
2024-03-25,Tiktok,196.62,156,2,149.21,1.2603846153846154,0.01282051282051282,0.7588749872851185
2024-03-25,Linkedin,151.73,95,4,163.96,1.5971578947368419,0.042105263157894736,1.0806037039478023
2024-03-25,Email,201.05,132,9,560.48,1.5231060606060607,0.06818181818181818,2.787764237751803
2024-03-26,Google Ads,273.61,184,12,432.26,1.4870108695652176,0.06521739130434782,1.5798399181316471
2024-03-26,Facebook,105.96,59,2,130.76,1.7959322033898304,0.03389830508474576,1.2340505851264627
2024-03-26,Instagram,56.62,39,1,106.09,1.4517948717948717,0.02564102564102564,1.8737195337336632
2024-03-26,Tiktok,125.41,68,1,70.34,1.844264705882353,0.014705882352941176,0.5608803125747548
2024-03-26,Linkedin,168.79,112,6,515.2,1.5070535714285713,0.05357142857142857,3.0523135256828016
2024-03-26,Email,75.35,71,1,119.48,1.0612676056338028,0.014084507042253521,1.585666887856669
2024-03-27,Google Ads,43.06,28,1,23.65,1.537857142857143,0.03571428571428571,0.5492336274965164
2024-03-27,Facebook,78.18,49,2,176.58,1.5955102040816327,0.04081632653061224,2.2586339217191096
2024-03-27,Instagram,58.79,69,5,578.63,0.8520289855072464,0.07246376811594203,9.842320122469808
2024-03-27,Tiktok,165.03,126,4,363.62,1.3097619047619047,0.031746031746031744,2.2033569654002303
2024-03-27,Linkedin,304.48,210,7,249.36,1.449904761904762,0.03333333333333333,0.8189700472937467
2024-03-27,Email,122.25,76,5,301.62,1.6085526315789473,0.06578947368421052,2.467239263803681
2024-03-28,Google Ads,43.54,39,1,119.07,1.1164102564102565,0.02564102564102564,2.734726688102894
2024-03-28,Facebook,152.99,106,7,346.91,1.443301886792453,0.0660377358490566,2.2675338257402444
2024-03-28,Instagram,272.65,173,5,150.53,1.5760115606936416,0.028901734104046242,0.5520997615991198
2024-03-28,Tiktok,163.75,116,8,835.72,1.4116379310344827,0.06896551724137931,5.10363358778626
2024-03-28,Linkedin,39.16,31,0,0.0,1.2632258064516129,0.0,0.0
2024-03-28,Email,68.82,51,3,123.09,1.3494117647058823,0.058823529411764705,1.7885789014821276
2024-03-29,Google Ads,156.84,125,3,78.74,1.25472,0.024,0.5020402958428972
2024-03-29,Facebook,68.28,49,0,0.0,1.393469387755102,0.0,0.0
2024-03-29,Instagram,154.5,101,4,393.63,1.5297029702970297,0.039603960396039604,2.547766990291262
2024-03-29,Tiktok,148.14,88,3,178.29,1.6834090909090909,0.03409090909090909,1.2035236938031593
2024-03-29,Linkedin,NaN,55,3,300.22,NaN,0.05454545454545454,NaN
2024-03-29,Email,22.45,15,0,0.0,1.4966666666666666,0.0,0.0
2024-03-30,Google Ads,52.6,27,2,206.28,1.9481481481481482,0.07407407407407407,3.9216730038022813
2024-03-30,Facebook,60.14,36,0,0.0,1.6705555555555556,0.0,0.0
2024-03-30,Instagram,46.87,21,1,34.06,2.2319047619047616,0.047619047619047616,0.7266908470236826
2024-03-30,Tiktok,124.12,87,5,186.23,1.4266666666666667,0.05747126436781609,1.5004028359651949
2024-03-30,Linkedin,14.81,24,0,0.0,0.6170833333333333,0.0,0.0
2024-03-30,Email,24.14,10,0,0.0,2.414,0.0,0.0
2024-03-31,Google Ads,133.02,85,6,251.05,1.5649411764705883,0.07058823529411765,1.887310178920463
2024-03-31,Facebook,201.31,131,4,106.15,1.5367175572519085,0.030534351145038167,0.5272962098256421
2024-03-31,Instagram,98.54,68,2,88.46,1.4491176470588236,0.029411764705882353,0.897706515120763
2024-03-31,Tiktok,60.61,30,0,0.0,2.0203333333333333,0.0,0.0
2024-03-31,Linkedin,233.23,153,9,1015.94,1.5243790849673202,0.058823529411764705,4.355957638382713
2024-03-31,Email,95.19,63,4,141.39,1.5109523809523808,0.06349206349206349,1.4853450992751338
2024-04-01,Google Ads,58.27,48,3,280.43,1.2139583333333335,0.0625,4.812596533379097
2024-04-01,Facebook,122.91,61,2,76.73,2.014918032786885,0.03278688524590164,0.6242779269384102
2024-04-01,Instagram,70.13,49,0,0.0,1.4312244897959183,0.0,0.0
2024-04-01,Tiktok,301.37,226,5,190.41,1.333495575221239,0.022123893805309734,0.6318147128114942
2024-04-01,Linkedin,145.02,96,6,516.33,1.510625,0.0625,3.5604054613156806
2024-04-01,Email,37.97,23,1,38.88,1.6508695652173913,0.043478260869565216,1.0239662891756651
2024-04-02,Google Ads,94.99,61,0,0.0,1.5572131147540982,0.0,0.0
2024-04-02,Facebook,87.63,64,4,387.02,1.36921875,0.0625,4.41652402145384
2024-04-02,Instagram,180.94,136,1,74.64,1.3304411764705881,0.007352941176470588,0.4125124350613463
2024-04-02,Tiktok,60.6,49,1,76.06,1.236734693877551,0.02040816326530612,1.2551155115511552
2024-04-02,Linkedin,249.28,153,5,139.43,1.629281045751634,0.032679738562091505,0.5593308729139923
2024-04-02,Email,302.92,215,17,1907.95,1.4089302325581397,0.07906976744186046,6.298527664069721
2024-04-03,Google Ads,120.67,81,1,22.65,1.489753086419753,0.012345679012345678,0.18770199718239827
2024-04-03,Facebook,208.92,153,11,257.21,1.3654901960784314,0.0718954248366013,1.2311411066436913
2024-04-03,Instagram,78.82,58,1,30.31,1.3589655172413793,0.017241379310344827,0.38454706927175847
2024-04-03,Tiktok,141.49,79,2,182.99,1.7910126582278483,0.02531645569620253,1.293306947487455
2024-04-03,Linkedin,189.52,128,6,249.05,1.480625,0.046875,1.3141093288307302
2024-04-03,Email,NaN,57,1,26.2,NaN,0.017543859649122806,NaN
2024-04-04,Google Ads,72.57,39,0,0.0,1.8607692307692305,0.0,0.0
2024-04-04,Facebook,95.85,60,1,100.09,1.5975,0.016666666666666666,1.0442357850808557
2024-04-04,Instagram,327.49,230,4,389.2,1.4238695652173914,0.017391304347826087,1.1884332346025832
2024-04-04,Tiktok,80.17,47,2,204.72,1.705744680851064,0.0425531914893617,2.5535736559810402
2024-04-04,Linkedin,174.92,127,5,356.98,1.3773228346456692,0.03937007874015748,2.0408186599588385
2024-04-04,Email,53.81,43,2,162.67,1.2513953488372094,0.046511627906976744,3.0230440438580186
2024-04-05,Google Ads,36.45,34,0,0.0,1.072058823529412,0.0,0.0
2024-04-05,Facebook,NaN,75,5,576.29,NaN,0.06666666666666667,NaN
2024-04-05,Instagram,61.85,34,0,0.0,1.8191176470588235,0.0,0.0
2024-04-05,Tiktok,34.89,13,0,0.0,2.683846153846154,0.0,0.0
2024-04-05,Linkedin,90.38,70,2,160.32,1.2911428571428571,0.02857142857142857,1.7738437707457402
2024-04-05,Email,123.23,97,3,247.62,1.2704123711340207,0.030927835051546393,2.009413292217804
2024-04-06,Google Ads,136.73,88,2,67.22,1.55375,0.022727272727272728,0.49162583193154397
2024-04-06,Facebook,168.59,124,3,101.42,1.3595967741935484,0.024193548387096774,0.601577792277122
2024-04-06,Instagram,113.74,80,1,27.27,1.4217499999999998,0.0125,0.2397573413047301
2024-04-06,Tiktok,95.72,57,1,94.35,1.679298245614035,0.017543859649122806,0.9856874216464688
2024-04-06,Linkedin,54.86,60,2,149.51,0.9143333333333333,0.03333333333333333,2.725300765585126
2024-04-06,Email,163.3,118,2,154.18,1.3838983050847458,0.01694915254237288,0.9441518677281078
2024-04-07,Google Ads,62.09,37,0,0.0,1.6781081081081082,0.0,0.0
2024-04-07,Facebook,186.57,119,4,189.8,1.56781512605042,0.03361344537815126,1.01731253684944
2024-04-07,Instagram,119.3,101,4,152.93,1.1811881188118811,0.039603960396039604,1.2818943839061192
2024-04-07,Tiktok,NaN,73,5,419.01,NaN,0.0684931506849315,NaN
2024-04-07,Linkedin,38.55,18,0,0.0,2.1416666666666666,0.0,0.0
2024-04-07,Email,25.98,0,0,0.0,NaN,NaN,0.0
2024-04-08,Google Ads,89.65,79,2,224.21,1.1348101265822785,0.02531645569620253,2.500948131622978
2024-04-08,Facebook,74.43,37,2,61.93,2.0116216216216216,0.05405405405405406,0.8320569662770387
2024-04-08,Instagram,88.22,77,1,105.93,1.1457142857142857,0.012987012987012988,1.2007481296758105
2024-04-08,Tiktok,116.85,91,6,597.46,1.284065934065934,0.06593406593406594,5.113050919982885
2024-04-08,Linkedin,72.64,55,3,193.16,1.3207272727272727,0.05454545454545454,2.6591409691629955
2024-04-08,Email,182.7,137,2,70.13,1.3335766423357664,0.014598540145985401,0.38385331143951834
2024-04-09,Google Ads,155.67,116,2,205.52,1.3419827586206896,0.017241379310344827,1.3202286888931716
2024-04-09,Facebook,88.54,73,2,114.94,1.2128767123287671,0.0273972602739726,1.2981703185001128
2024-04-09,Instagram,166.77,106,3,75.49,1.5733018867924529,0.02830188679245283,0.45265935120225453
2024-04-09,Tiktok,105.45,67,5,173.12,1.5738805970149254,0.07462686567164178,1.6417259364627785
2024-04-09,Linkedin,160.62,97,7,357.91,1.655876288659794,0.07216494845360824,2.22830282654713
2024-04-09,Email,90.82,61,3,169.11,1.4888524590163934,0.04918032786885246,1.8620347940982165
2024-04-10,Google Ads,208.5,140,2,64.0,1.4892857142857143,0.014285714285714285,0.3069544364508393
2024-04-10,Facebook,62.98,50,0,0.0,1.2595999999999998,0.0,0.0
2024-04-10,Instagram,95.83,56,0,0.0,1.71125,0.0,0.0
2024-04-10,Tiktok,71.53,54,2,77.88,1.3246296296296296,0.037037037037037035,1.0887739410037747
2024-04-10,Linkedin,83.91,74,4,288.08,1.133918918918919,0.05405405405405406,3.433202240495769
2024-04-10,Email,88.09,61,2,78.73,1.4440983606557378,0.03278688524590164,0.8937450334884777
2024-04-11,Google Ads,37.0,31,0,0.0,1.1935483870967742,0.0,0.0
2024-04-11,Facebook,83.2,50,0,0.0,1.6640000000000001,0.0,0.0
2024-04-11,Instagram,NaN,144,4,287.47,NaN,0.027777777777777776,NaN
2024-04-11,Tiktok,214.78,146,9,400.9,1.471095890410959,0.06164383561643835,1.866561132321445
2024-04-11,Linkedin,219.09,148,3,171.57,1.4803378378378378,0.02027027027027027,0.7831028344515952
2024-04-11,Email,91.94,37,2,156.06,2.484864864864865,0.05405405405405406,1.697411355231673
2024-04-12,Google Ads,50.39,22,1,52.76,2.2904545454545455,0.045454545454545456,1.0470331414963285
2024-04-12,Facebook,153.5,112,8,732.17,1.3705357142857142,0.07142857142857142,4.769837133550489
2024-04-12,Instagram,103.0,70,3,174.31,1.4714285714285715,0.04285714285714286,1.6923300970873787
2024-04-12,Tiktok,116.52,76,2,192.09,1.533157894736842,0.02631578947368421,1.6485581874356334
2024-04-12,Linkedin,70.48,48,3,183.13,1.4683333333333335,0.0625,2.598325766174801
2024-04-12,Email,110.55,87,3,129.19,1.2706896551724138,0.034482758620689655,1.1686114880144731
2024-04-13,Google Ads,46.81,47,0,0.0,0.9959574468085107,0.0,0.0
2024-04-13,Facebook,120.58,87,3,91.0,1.385977011494253,0.034482758620689655,0.7546856858517167
2024-04-13,Instagram,147.63,86,5,330.32,1.716627906976744,0.05813953488372093,2.2374856059066586
2024-04-13,Tiktok,119.54,81,2,208.78,1.4758024691358025,0.024691358024691357,1.746528358708382
2024-04-13,Linkedin,172.0,128,4,407.82,1.34375,0.03125,2.371046511627907
2024-04-13,Email,328.81,231,14,1354.61,1.4234199134199135,0.06060606060606061,4.119734801253003
2024-04-14,Google Ads,212.06,154,8,211.24,1.377012987012987,0.05194805194805195,0.9961331698575875
2024-04-14,Facebook,163.02,113,7,410.5,1.4426548672566373,0.061946902654867256,2.5180959391485707
2024-04-14,Instagram,57.32,31,2,136.1,1.8490322580645162,0.06451612903225806,2.3743893928820654
2024-04-14,Tiktok,113.77,84,3,188.82,1.354404761904762,0.03571428571428571,1.659664234859805
2024-04-14,Linkedin,85.11,54,2,148.88,1.576111111111111,0.037037037037037035,1.749265656209611
2024-04-14,Email,272.69,197,15,1345.55,1.3842131979695431,0.07614213197969544,4.934357695551725
2024-04-15,Google Ads,44.35,6,0,0.0,7.391666666666667,0.0,0.0
2024-04-15,Facebook,31.37,22,0,0.0,1.425909090909091,0.0,0.0
2024-04-15,Instagram,64.75,44,2,166.32,1.4715909090909092,0.045454545454545456,2.5686486486486486
2024-04-15,Tiktok,226.67,163,9,497.01,1.3906134969325152,0.05521472392638037,2.1926589314863016
2024-04-15,Linkedin,272.14,191,13,962.39,1.4248167539267016,0.06806282722513089,3.536378334680679
2024-04-15,Email,116.16,80,6,450.38,1.452,0.075,3.8772382920110195
2024-04-16,Google Ads,117.1,73,1,57.96,1.604109589041096,0.0136986301369863,0.4949615713065756
2024-04-16,Facebook,57.02,47,3,340.6,1.2131914893617022,0.06382978723404255,5.9733426867765695
2024-04-16,Instagram,102.96,74,1,81.24,1.3913513513513514,0.013513513513513514,0.789044289044289
2024-04-16,Tiktok,116.7,93,2,224.74,1.2548387096774194,0.021505376344086023,1.9257926306769495
2024-04-16,Linkedin,167.61,121,6,379.55,1.385206611570248,0.049586776859504134,2.26448302607243
2024-04-16,Email,166.36,123,2,140.32,1.352520325203252,0.016260162601626018,0.843471988458764
2024-04-17,Google Ads,159.81,102,1,118.52,1.566764705882353,0.00980392156862745,0.7416306864401476
2024-04-17,Facebook,30.82,26,1,28.46,1.1853846153846155,0.038461538461538464,0.9234263465282284
2024-04-17,Instagram,113.3,86,3,124.96,1.3174418604651164,0.03488372093023256,1.1029126213592233
2024-04-17,Tiktok,149.93,100,6,519.17,1.4993,0.06,3.4627492829987325
2024-04-17,Linkedin,153.97,101,3,101.58,1.5244554455445545,0.0297029702970297,0.6597389101773072
2024-04-17,Email,280.38,198,5,302.73,1.416060606060606,0.025252525252525252,1.0797132463085812
2024-04-18,Google Ads,139.66,100,3,110.3,1.3966,0.03,0.7897751682657883
2024-04-18,Facebook,181.29,123,8,410.74,1.4739024390243902,0.06504065040650407,2.2656517182414917
2024-04-18,Instagram,NaN,63,1,68.16,NaN,0.015873015873015872,NaN
2024-04-18,Tiktok,43.57,15,0,0.0,2.9046666666666665,0.0,0.0
2024-04-18,Linkedin,44.13,27,0,0.0,1.6344444444444446,0.0,0.0
2024-04-18,Email,65.55,38,1,37.54,1.7249999999999999,0.02631578947368421,0.5726926010678871
2024-04-19,Google Ads,154.26,104,3,156.58,1.4832692307692308,0.028846153846153848,1.0150395436276418
2024-04-19,Facebook,118.29,79,2,227.5,1.497341772151899,0.02531645569620253,1.9232394961535209
2024-04-19,Instagram,40.87,34,2,101.94,1.2020588235294116,0.058823529411764705,2.494250061169562
2024-04-19,Tiktok,78.85,67,1,72.56,1.176865671641791,0.014925373134328358,0.9202282815472417
2024-04-19,Linkedin,97.48,74,1,109.02,1.3172972972972974,0.013513513513513514,1.1183832581042263
2024-04-19,Email,153.91,123,6,367.46,1.25130081300813,0.04878048780487805,2.3874991878370477
2024-04-20,Google Ads,209.52,147,4,247.33,1.4253061224489796,0.027210884353741496,1.1804600992745322
2024-04-20,Facebook,104.45,85,3,187.05,1.2288235294117646,0.03529411764705882,1.7908089995213021
2024-04-20,Instagram,NaN,54,3,94.86,NaN,0.05555555555555555,NaN
2024-04-20,Tiktok,234.01,153,3,70.65,1.5294771241830065,0.0196078431372549,0.3019101747788556
2024-04-20,Linkedin,70.43,48,2,222.67,1.4672916666666669,0.041666666666666664,3.1615788726394998
2024-04-20,Email,203.22,153,10,231.99,1.328235294117647,0.06535947712418301,1.1415707115441394
2024-04-21,Google Ads,264.61,170,5,229.0,1.556529411764706,0.029411764705882353,0.8654245871282265
2024-04-21,Facebook,45.76,19,1,69.91,2.408421052631579,0.05263157894736842,1.5277534965034965
2024-04-21,Instagram,201.68,131,10,1190.78,1.5395419847328244,0.07633587786259542,5.904303847679492
2024-04-21,Tiktok,113.56,79,3,112.99,1.4374683544303797,0.0379746835443038,0.9949806269813314
2024-04-21,Linkedin,221.43,152,6,136.74,1.4567763157894738,0.039473684210526314,0.6175314997967756
2024-04-21,Email,128.24,80,5,375.46,1.6030000000000002,0.0625,2.9277916406737363
2024-04-22,Google Ads,157.25,117,8,643.89,1.3440170940170941,0.06837606837606838,4.094689984101748
2024-04-22,Facebook,134.39,92,4,369.78,1.4607608695652172,0.043478260869565216,2.751544013691495
2024-04-22,Instagram,167.86,112,4,450.1,1.49875,0.03571428571428571,2.6814011676396996
2024-04-22,Tiktok,50.53,41,2,117.36,1.2324390243902439,0.04878048780487805,2.3225806451612905
2024-04-22,Linkedin,137.99,92,3,223.95,1.4998913043478261,0.03260869565217391,1.622943691571853
2024-04-22,Email,62.01,64,1,65.02,0.96890625,0.015625,1.0485405579745202
2024-04-23,Google Ads,19.87,15,0,0.0,1.3246666666666667,0.0,0.0
2024-04-23,Facebook,249.05,167,1,28.52,1.4913173652694611,0.005988023952095809,0.11451515759887572
2024-04-23,Instagram,38.42,27,1,102.04,1.422962962962963,0.037037037037037035,2.655908381051536
2024-04-23,Tiktok,53.07,37,1,34.66,1.4343243243243244,0.02702702702702703,0.6530996796683625
2024-04-23,Linkedin,112.1,58,4,383.15,1.932758620689655,0.06896551724137931,3.4179304192685103
2024-04-23,Email,65.3,36,2,148.9,1.8138888888888889,0.05555555555555555,2.2802450229709037
2024-04-24,Google Ads,133.86,108,8,748.66,1.2394444444444446,0.07407407407407407,5.592858210070222
2024-04-24,Facebook,74.89,42,1,111.03,1.783095238095238,0.023809523809523808,1.4825744425156897
2024-04-24,Instagram,44.17,27,1,56.2,1.635925925925926,0.037037037037037035,1.2723568032601313
2024-04-24,Tiktok,196.81,125,5,302.24,1.57448,0.04,1.5356943244753825
2024-04-24,Linkedin,28.08,37,1,63.08,0.7589189189189188,0.02702702702702703,2.2464387464387463
2024-04-24,Email,NaN,149,11,469.8,NaN,0.0738255033557047,NaN
2024-04-25,Google Ads,18.33,18,0,0.0,1.0183333333333333,0.0,0.0
2024-04-25,Facebook,52.84,33,1,59.03,1.6012121212121213,0.030303030303030304,1.1171461014383042
2024-04-25,Instagram,166.16,109,1,69.7,1.5244036697247707,0.009174311926605505,0.41947520462205107
2024-04-25,Tiktok,24.54,17,0,0.0,1.4435294117647057,0.0,0.0
2024-04-25,Linkedin,133.57,79,2,164.89,1.690759493670886,0.02531645569620253,1.234483791270495
2024-04-25,Email,212.07,152,4,82.18,1.3951973684210526,0.02631578947368421,0.3875135568444382
2024-04-26,Google Ads,132.66,92,4,341.61,1.4419565217391304,0.043478260869565216,2.5750791497060157
2024-04-26,Facebook,95.3,70,1,83.79,1.3614285714285714,0.014285714285714285,0.8792235047219308
2024-04-26,Instagram,163.75,102,5,113.6,1.6053921568627452,0.049019607843137254,0.6937404580152672
2024-04-26,Tiktok,122.91,82,5,181.05,1.4989024390243901,0.06097560975609756,1.4730290456431536
2024-04-26,Linkedin,158.8,101,6,189.12,1.5722772277227723,0.0594059405940594,1.1909319899244333
2024-04-26,Email,248.22,178,7,451.07,1.394494382022472,0.03932584269662921,1.8172185964064136
2024-04-27,Google Ads,128.54,84,0,0.0,1.5302380952380952,0.0,0.0
2024-04-27,Facebook,114.12,83,3,319.95,1.3749397590361447,0.03614457831325301,2.8036277602523656
2024-04-27,Instagram,79.68,49,1,95.2,1.626122448979592,0.02040816326530612,1.1947791164658634
2024-04-27,Tiktok,119.61,114,4,381.52,1.0492105263157894,0.03508771929824561,3.1896998578714153
2024-04-27,Linkedin,28.69,8,0,0.0,3.58625,0.0,0.0
2024-04-27,Email,106.61,70,1,114.49,1.523,0.014285714285714285,1.0739142669543194
2024-04-28,Google Ads,120.2,89,3,290.13,1.350561797752809,0.033707865168539325,2.4137271214642264
2024-04-28,Facebook,134.38,91,5,286.95,1.4767032967032967,0.054945054945054944,2.1353624051198095
2024-04-28,Instagram,132.42,98,7,791.78,1.3512244897959182,0.07142857142857142,5.979308261591905
2024-04-28,Tiktok,81.48,62,2,98.06,1.3141935483870968,0.03225806451612903,1.2034855179185076
2024-04-28,Linkedin,264.42,194,4,237.98,1.3629896907216497,0.020618556701030927,0.9000075637243778
2024-04-28,Email,231.52,155,7,577.7,1.4936774193548388,0.04516129032258064,2.495248790601244
2024-04-29,Google Ads,211.85,134,8,888.64,1.5809701492537314,0.05970149253731343,4.194666037290536
2024-04-29,Facebook,NaN,77,5,293.03,NaN,0.06493506493506493,NaN
2024-04-29,Instagram,62.35,43,2,40.45,1.45,0.046511627906976744,0.648757016840417
2024-04-29,Tiktok,121.95,72,0,0.0,1.69375,0.0,0.0
2024-04-29,Linkedin,107.85,74,5,290.43,1.4574324324324324,0.06756756756756757,2.6929068150208626
2024-04-29,Email,71.1,60,1,88.61,1.1849999999999998,0.016666666666666666,1.2462728551336146
2024-04-30,Google Ads,67.09,40,0,0.0,1.6772500000000001,0.0,0.0
2024-04-30,Facebook,128.77,98,6,390.46,1.3139795918367347,0.061224489795918366,3.0322280034169444
2024-04-30,Instagram,199.99,146,8,242.64,1.3697945205479454,0.0547945205479452,1.2132606630331515
2024-04-30,Tiktok,41.58,26,0,0.0,1.5992307692307692,0.0,0.0
2024-04-30,Linkedin,109.61,65,5,412.06,1.6863076923076923,0.07692307692307693,3.7593285284189397
2024-04-30,Email,277.18,190,6,173.81,1.458842105263158,0.031578947368421054,0.6270654448372899
2024-05-01,Google Ads,120.07,60,1,118.46,2.0011666666666668,0.016666666666666666,0.9865911551594903
2024-05-01,Facebook,121.73,77,4,212.64,1.580909090909091,0.05194805194805195,1.7468167255401297
2024-05-01,Instagram,93.87,70,4,461.54,1.341,0.05714285714285714,4.916799829551508
2024-05-01,Tiktok,87.5,59,4,308.81,1.4830508474576272,0.06779661016949153,3.529257142857143
2024-05-01,Linkedin,103.96,89,1,85.08,1.1680898876404493,0.011235955056179775,0.8183916891111966
2024-05-01,Email,83.36,42,2,155.0,1.9847619047619047,0.047619047619047616,1.859404990403071
2024-05-02,Google Ads,34.94,26,0,0.0,1.3438461538461537,0.0,0.0
2024-05-02,Facebook,221.37,147,10,651.18,1.5059183673469387,0.06802721088435375,2.9415910014907167
2024-05-02,Instagram,80.65,46,0,0.0,1.7532608695652174,0.0,0.0
2024-05-02,Tiktok,58.99,50,0,0.0,1.1798,0.0,0.0
2024-05-02,Linkedin,264.91,169,9,220.97,1.5675147928994084,0.05325443786982249,0.834132346834774
2024-05-02,Email,103.17,55,1,51.81,1.8758181818181818,0.01818181818181818,0.5021808665309683
2024-05-03,Google Ads,236.99,171,7,378.56,1.385906432748538,0.04093567251461988,1.5973669775095996
2024-05-03,Facebook,97.87,53,3,127.33,1.8466037735849057,0.05660377358490566,1.301011545928272
2024-05-03,Instagram,91.03,74,0,0.0,1.230135135135135,0.0,0.0
2024-05-03,Tiktok,75.37,55,4,433.62,1.3703636363636365,0.07272727272727272,5.753217460528061
2024-05-03,Linkedin,40.88,35,0,0.0,1.1680000000000001,0.0,0.0
2024-05-03,Email,251.96,168,8,469.24,1.4997619047619049,0.047619047619047616,1.862359104619781
2024-05-04,Google Ads,343.21,233,11,1258.36,1.4730042918454935,0.04721030042918455,3.6664432854520554
2024-05-04,Facebook,139.6,101,2,181.7,1.382178217821782,0.019801980198019802,1.3015759312320916
2024-05-04,Instagram,315.7,226,14,586.9,1.3969026548672565,0.061946902654867256,1.8590433956287615
2024-05-04,Tiktok,126.42,88,3,211.83,1.436590909090909,0.03409090909090909,1.6756051257712388
2024-05-04,Linkedin,176.6,123,4,455.04,1.4357723577235773,0.032520325203252036,2.5766704416761046
2024-05-04,Email,185.36,133,7,300.37,1.3936842105263159,0.05263157894736842,1.6204682779456192
2024-05-05,Google Ads,143.12,102,3,257.5,1.4031372549019607,0.029411764705882353,1.7991894913359419
2024-05-05,Facebook,116.84,68,0,0.0,1.718235294117647,0.0,0.0
2024-05-05,Instagram,80.21,26,0,0.0,3.085,0.0,0.0
2024-05-05,Tiktok,113.22,76,1,49.12,1.4897368421052632,0.013157894736842105,0.43384561031619856
2024-05-05,Linkedin,151.78,117,7,729.04,1.2972649572649573,0.05982905982905983,4.803267887732244
2024-05-05,Email,243.85,175,7,737.19,1.3934285714285715,0.04,3.023128972729137
2024-05-06,Google Ads,180.95,124,9,319.61,1.459274193548387,0.07258064516129033,1.7662890301188174
2024-05-06,Facebook,194.18,128,1,48.36,1.51703125,0.0078125,0.24904727572355545
2024-05-06,Instagram,309.7,241,16,1394.34,1.2850622406639003,0.06639004149377593,4.5022279625443975
2024-05-06,Tiktok,103.26,61,4,301.79,1.6927868852459018,0.06557377049180328,2.9226225062947897
2024-05-06,Linkedin,46.92,44,2,239.51,1.0663636363636364,0.045454545454545456,5.10464620630861
2024-05-06,Email,161.43,113,1,107.83,1.4285840707964603,0.008849557522123894,0.6679675401102645
2024-05-07,Google Ads,79.74,42,0,0.0,1.8985714285714284,0.0,0.0
2024-05-07,Facebook,135.51,69,4,343.54,1.9639130434782608,0.057971014492753624,2.535163456571471
2024-05-07,Instagram,131.08,108,1,90.25,1.2137037037037037,0.009259259259259259,0.6885108330790356
2024-05-07,Tiktok,96.27,60,4,292.41,1.6045,0.06666666666666667,3.0373948270489253
2024-05-07,Linkedin,82.69,63,4,245.02,1.3125396825396825,0.06349206349206349,2.9631152497278994
2024-05-07,Email,158.12,115,7,514.26,1.3749565217391304,0.06086956521739131,3.2523399949405514
2024-05-08,Google Ads,146.67,104,3,104.0,1.4102884615384614,0.028846153846153848,0.7090747937546874
2024-05-08,Facebook,26.15,10,0,0.0,2.6149999999999998,0.0,0.0
2024-05-08,Instagram,142.53,104,6,656.0,1.3704807692307692,0.057692307692307696,4.60253981617905
2024-05-08,Tiktok,261.48,192,13,1451.98,1.3618750000000002,0.06770833333333333,5.552929478353985
2024-05-08,Linkedin,23.85,24,1,78.73,0.99375,0.041666666666666664,3.30104821802935
2024-05-08,Email,242.73,156,7,440.03,1.5559615384615384,0.04487179487179487,1.8128373089440941
2024-05-09,Google Ads,132.09,95,5,515.96,1.390421052631579,0.05263157894736842,3.9061246120069653
2024-05-09,Facebook,114.93,75,4,90.27,1.5324,0.05333333333333334,0.7854346123727486
2024-05-09,Instagram,88.13,67,2,213.74,1.3153731343283581,0.029850746268656716,2.425280835129922
2024-05-09,Tiktok,91.31,35,2,131.62,2.608857142857143,0.05714285714285714,1.4414631475194393
2024-05-09,Linkedin,73.78,62,1,50.12,1.19,0.016129032258064516,0.6793168880455408
2024-05-09,Email,78.34,64,4,344.71,1.2240625,0.0625,4.400178708195047
2024-05-10,Google Ads,82.5,32,0,0.0,2.578125,0.0,0.0
2024-05-10,Facebook,66.53,44,3,204.76,1.5120454545454545,0.06818181818181818,3.07770930407335
2024-05-10,Instagram,45.16,37,2,101.8,1.2205405405405405,0.05405405405405406,2.254207263064659
2024-05-10,Tiktok,154.63,113,8,287.04,1.3684070796460177,0.07079646017699115,1.8563021405936755
2024-05-10,Linkedin,NaN,53,1,85.18,NaN,0.018867924528301886,NaN
2024-05-10,Email,122.74,81,4,237.52,1.5153086419753086,0.04938271604938271,1.9351474661886916
2024-05-11,Google Ads,81.62,68,1,69.31,1.200294117647059,0.014705882352941176,0.8491791227640284
2024-05-11,Facebook,71.69,43,1,28.96,1.6672093023255814,0.023255813953488372,0.4039615009066816
2024-05-11,Instagram,90.56,63,2,77.78,1.4374603174603175,0.031746031746031744,0.8588780918727915
2024-05-11,Tiktok,146.46,120,8,784.32,1.2205000000000001,0.06666666666666667,5.355182302335108
2024-05-11,Linkedin,67.08,52,1,115.67,1.29,0.019230769230769232,1.7243589743589745
2024-05-11,Email,105.67,82,3,158.15,1.2886585365853658,0.036585365853658534,1.496640484527302
2024-05-12,Google Ads,82.44,63,1,63.34,1.3085714285714285,0.015873015873015872,0.7683163512857837
2024-05-12,Facebook,69.32,44,1,82.69,1.5754545454545452,0.022727272727272728,1.192873629544143
2024-05-12,Instagram,81.12,72,2,148.16,1.1266666666666667,0.027777777777777776,1.826429980276134
2024-05-12,Tiktok,63.73,30,1,40.91,2.1243333333333334,0.03333333333333333,0.6419268790208693
2024-05-12,Linkedin,106.52,81,2,238.15,1.3150617283950616,0.024691358024691357,2.2357303792714984
2024-05-12,Email,175.05,126,9,944.47,1.3892857142857145,0.07142857142857142,5.395429877177949
2024-05-13,Google Ads,255.74,168,13,857.74,1.5222619047619048,0.07738095238095238,3.3539532337530304
2024-05-13,Facebook,56.27,45,1,65.51,1.2504444444444445,0.022222222222222223,1.164208281499911
2024-05-13,Instagram,152.55,92,6,451.82,1.6581521739130436,0.06521739130434782,2.961783021960013
2024-05-13,Tiktok,118.04,95,4,381.21,1.2425263157894737,0.042105263157894736,3.2294984750931883
2024-05-13,Linkedin,103.3,62,4,452.15,1.6661290322580644,0.06451612903225806,4.377057115198451
2024-05-13,Email,159.51,90,2,202.56,1.7723333333333333,0.022222222222222223,1.2698890351702088
2024-05-14,Google Ads,63.63,47,3,352.15,1.3538297872340426,0.06382978723404255,5.534339148200534
2024-05-14,Facebook,203.3,140,11,748.79,1.4521428571428572,0.07857142857142857,3.6831775700934575
2024-05-14,Instagram,121.76,99,5,376.88,1.22989898989899,0.050505050505050504,3.09526938239159
2024-05-14,Tiktok,61.81,21,0,0.0,2.9433333333333334,0.0,0.0
2024-05-14,Linkedin,122.57,96,7,670.13,1.2767708333333332,0.07291666666666667,5.467324793995268
2024-05-14,Email,141.64,93,5,119.72,1.523010752688172,0.053763440860215055,0.8452414572154759
2024-05-15,Google Ads,165.58,114,2,136.86,1.4524561403508773,0.017543859649122806,0.8265491001328663
2024-05-15,Facebook,133.1,100,7,562.92,1.331,0.07,4.2293012772351615
2024-05-15,Instagram,153.21,71,4,243.5,2.1578873239436622,0.056338028169014086,1.5893218458325173
2024-05-15,Tiktok,97.95,77,3,208.63,1.2720779220779221,0.03896103896103896,2.12996426748341
2024-05-15,Linkedin,179.77,130,2,179.83,1.3828461538461538,0.015384615384615385,1.0003337598041944
2024-05-15,Email,182.37,123,2,142.43,1.4826829268292683,0.016260162601626018,0.7809946811427319
2024-05-16,Google Ads,402.66,283,6,206.43,1.422826855123675,0.02120141342756184,0.5126657726121293
2024-05-16,Facebook,148.65,102,4,308.28,1.4573529411764707,0.0392156862745098,2.0738647830474264
2024-05-16,Instagram,128.82,89,3,109.69,1.4474157303370785,0.033707865168539325,0.851498214562956
2024-05-16,Tiktok,NaN,70,0,0.0,NaN,0.0,NaN
2024-05-16,Linkedin,95.93,72,3,221.12,1.332361111111111,0.041666666666666664,2.3050140727613884
2024-05-16,Email,160.5,109,7,385.54,1.4724770642201834,0.06422018348623854,2.4021183800623054
2024-05-17,Google Ads,48.55,54,2,142.73,0.899074074074074,0.037037037037037035,2.9398558187435633
2024-05-17,Facebook,98.4,75,1,54.83,1.312,0.013333333333333334,0.5572154471544715
2024-05-17,Instagram,68.56,52,1,74.37,1.3184615384615386,0.019230769230769232,1.0847432905484247
2024-05-17,Tiktok,131.94,90,5,135.05,1.466,0.05555555555555555,1.0235713202971048
2024-05-17,Linkedin,NaN,87,1,22.7,NaN,0.011494252873563218,NaN
2024-05-17,Email,NaN,36,0,0.0,NaN,0.0,NaN
2024-05-18,Google Ads,40.83,25,1,92.71,1.6332,0.04,2.2706343374969387
2024-05-18,Facebook,122.29,83,3,276.83,1.4733734939759038,0.03614457831325301,2.263717393082018
2024-05-18,Instagram,96.84,66,2,221.77,1.4672727272727273,0.030303030303030304,2.290066088393226
2024-05-18,Tiktok,92.99,53,1,102.67,1.7545283018867923,0.018867924528301886,1.1040972147542747
2024-05-18,Linkedin,62.36,39,2,123.78,1.598974358974359,0.05128205128205128,1.9849262347658756
2024-05-18,Email,114.38,75,5,263.61,1.5250666666666666,0.06666666666666667,2.3046861339395
2024-05-19,Google Ads,150.71,93,4,324.46,1.6205376344086022,0.043010752688172046,2.152876385110477
2024-05-19,Facebook,92.52,67,2,159.34,1.3808955223880597,0.029850746268656716,1.7222222222222223
2024-05-19,Instagram,71.95,53,3,252.44,1.3575471698113208,0.05660377358490566,3.508547602501737
2024-05-19,Tiktok,29.09,22,0,0.0,1.3222727272727273,0.0,0.0
2024-05-19,Linkedin,112.55,72,4,250.61,1.5631944444444443,0.05555555555555555,2.2266548200799647
2024-05-19,Email,147.96,97,2,142.32,1.525360824742268,0.020618556701030927,0.9618815896188158
2024-05-20,Google Ads,74.26,37,2,219.75,2.007027027027027,0.05405405405405406,2.9591974144896307
2024-05-20,Facebook,53.41,39,0,0.0,1.3694871794871795,0.0,0.0
2024-05-20,Instagram,63.89,32,0,0.0,1.9965625,0.0,0.0
2024-05-20,Tiktok,30.59,16,0,0.0,1.911875,0.0,0.0
2024-05-20,Linkedin,52.02,32,1,33.62,1.625625,0.03125,0.6462898885044213
2024-05-20,Email,47.1,31,2,168.53,1.5193548387096774,0.06451612903225806,3.578131634819533
2024-05-21,Google Ads,61.7,45,3,229.67,1.3711111111111112,0.06666666666666667,3.7223662884927062
2024-05-21,Facebook,130.83,107,2,93.91,1.222710280373832,0.018691588785046728,0.717801727432546
2024-05-21,Instagram,93.69,52,3,175.12,1.8017307692307691,0.057692307692307696,1.8691429181342727
2024-05-21,Tiktok,201.46,135,7,544.8,1.4922962962962965,0.05185185185185185,2.704258909957311
2024-05-21,Linkedin,30.1,15,0,0.0,2.006666666666667,0.0,0.0
2024-05-21,Email,134.69,85,4,362.75,1.5845882352941176,0.047058823529411764,2.6932214715272105
2024-05-22,Google Ads,163.61,97,2,45.05,1.6867010309278352,0.020618556701030927,0.2753499174867062
2024-05-22,Facebook,93.36,51,2,177.52,1.8305882352941176,0.0392156862745098,1.9014567266495288
2024-05-22,Instagram,234.39,173,12,420.85,1.3548554913294797,0.06936416184971098,1.7955117539144163
2024-05-22,Tiktok,48.54,46,0,0.0,1.0552173913043479,0.0,0.0
2024-05-22,Linkedin,145.09,98,5,505.25,1.4805102040816327,0.05102040816326531,3.482321317802743
2024-05-22,Email,188.18,125,7,748.14,1.5054400000000001,0.056,3.9756616005951746
2024-05-23,Google Ads,95.53,76,4,457.47,1.2569736842105264,0.05263157894736842,4.788757458390035
2024-05-23,Facebook,69.88,38,2,87.36,1.8389473684210524,0.05263157894736842,1.2501431024613625
2024-05-23,Instagram,259.75,181,3,244.61,1.4350828729281768,0.016574585635359115,0.9417131857555342
2024-05-23,Tiktok,107.89,80,1,115.61,1.348625,0.0125,1.0715543609231624
2024-05-23,Linkedin,147.58,141,2,234.01,1.0466666666666669,0.014184397163120567,1.5856484618511992
2024-05-23,Email,85.46,66,3,295.93,1.2948484848484847,0.045454545454545456,3.462789609173883
2024-05-24,Google Ads,187.16,124,8,351.27,1.5093548387096773,0.06451612903225806,1.8768433425945714
2024-05-24,Facebook,95.1,61,3,252.59,1.5590163934426229,0.04918032786885246,2.6560462670872766
2024-05-24,Instagram,111.75,78,2,55.88,1.4326923076923077,0.02564102564102564,0.5000447427293065
2024-05-24,Tiktok,105.84,80,4,95.06,1.323,0.05,0.8981481481481481
2024-05-24,Linkedin,45.47,25,1,46.4,1.8188,0.04,1.0204530459643721
2024-05-24,Email,72.19,48,1,97.6,1.5039583333333333,0.020833333333333332,1.351987809945976
2024-05-25,Google Ads,172.54,136,4,369.16,1.2686764705882352,0.029411764705882353,2.139561840732584
2024-05-25,Facebook,130.58,97,4,108.52,1.3461855670103093,0.041237113402061855,0.8310614182876397
2024-05-25,Instagram,16.44,14,0,0.0,1.1742857142857144,0.0,0.0
2024-05-25,Tiktok,38.07,19,1,110.39,2.0036842105263157,0.05263157894736842,2.8996585237719987
2024-05-25,Linkedin,129.94,94,7,827.71,1.382340425531915,0.07446808510638298,6.3699399722949055
2024-05-25,Email,157.93,81,5,582.71,1.9497530864197532,0.06172839506172839,3.6896726397771165
2024-05-26,Google Ads,163.96,113,6,333.42,1.4509734513274337,0.05309734513274336,2.0335447670163456
2024-05-26,Facebook,148.4,104,1,46.61,1.426923076923077,0.009615384615384616,0.31408355795148246
2024-05-26,Instagram,62.85,70,1,113.84,0.8978571428571429,0.014285714285714285,1.8112967382657121
2024-05-26,Tiktok,85.68,50,2,237.28,1.7136000000000002,0.04,2.76937441643324
2024-05-26,Linkedin,16.81,24,0,0.0,0.7004166666666666,0.0,0.0
2024-05-26,Email,176.41,119,4,405.0,1.482436974789916,0.03361344537815126,2.2957882206224136
2024-05-27,Google Ads,76.04,46,0,0.0,1.6530434782608696,0.0,0.0
2024-05-27,Facebook,102.07,73,2,63.54,1.3982191780821918,0.0273972602739726,0.622513961007152
2024-05-27,Instagram,16.25,9,0,0.0,1.8055555555555556,0.0,0.0
2024-05-27,Tiktok,152.39,115,6,576.78,1.3251304347826085,0.05217391304347826,3.7848940219174487
2024-05-27,Linkedin,111.04,95,6,196.48,1.168842105263158,0.06315789473684211,1.769452449567723
2024-05-27,Email,40.97,19,0,0.0,2.156315789473684,0.0,0.0
2024-05-28,Google Ads,77.31,66,3,112.37,1.1713636363636364,0.045454545454545456,1.4534989005303325
2024-05-28,Facebook,212.74,159,11,629.91,1.3379874213836478,0.06918238993710692,2.9609382344646042
2024-05-28,Instagram,64.43,52,0,0.0,1.2390384615384618,0.0,0.0
2024-05-28,Tiktok,153.47,113,3,352.93,1.358141592920354,0.02654867256637168,2.2996676874959276
2024-05-28,Linkedin,50.58,33,1,95.9,1.5327272727272727,0.030303030303030304,1.896006326611309
2024-05-28,Email,NaN,169,7,200.09,NaN,0.04142011834319527,NaN
2024-05-29,Google Ads,32.23,35,1,82.35,0.9208571428571428,0.02857142857142857,2.5550729134346883
2024-05-29,Facebook,109.66,63,1,41.51,1.7406349206349205,0.015873015873015872,0.3785336494619734
2024-05-29,Instagram,28.03,15,0,0.0,1.8686666666666667,0.0,0.0
2024-05-29,Tiktok,38.81,27,1,114.5,1.4374074074074075,0.037037037037037035,2.9502705488276217
2024-05-29,Linkedin,159.13,104,1,60.15,1.5300961538461537,0.009615384615384616,0.37799283604600015
2024-05-29,Email,182.08,134,4,419.09,1.3588059701492539,0.029850746268656716,2.3016805799648505
2024-05-30,Google Ads,85.52,73,3,261.3,1.1715068493150684,0.0410958904109589,3.0554256314312442
2024-05-30,Facebook,95.99,56,0,0.0,1.7141071428571428,0.0,0.0
2024-05-30,Instagram,102.06,71,1,62.61,1.4374647887323944,0.014084507042253521,0.6134626690182245
2024-05-30,Tiktok,58.48,52,3,280.84,1.1246153846153846,0.057692307692307696,4.8023255813953485
2024-05-30,Linkedin,85.38,57,4,337.09,1.4978947368421052,0.07017543859649122,3.9481143124853593
2024-05-30,Email,69.9,46,3,344.53,1.5195652173913046,0.06521739130434782,4.928898426323318
2024-05-31,Google Ads,79.36,46,3,113.14,1.7252173913043478,0.06521739130434782,1.425655241935484
2024-05-31,Facebook,75.79,35,1,80.67,2.1654285714285715,0.02857142857142857,1.0643884417469323
2024-05-31,Instagram,59.81,29,0,0.0,2.0624137931034485,0.0,0.0
2024-05-31,Tiktok,48.85,38,2,70.41,1.2855263157894736,0.05263157894736842,1.441351074718526
2024-05-31,Linkedin,98.04,66,4,379.48,1.4854545454545456,0.06060606060606061,3.8706650346797224
2024-05-31,Email,253.52,175,8,701.84,1.4486857142857144,0.045714285714285714,2.7683811928053013
2024-06-01,Google Ads,45.35,27,1,105.94,1.6796296296296296,0.037037037037037035,2.336052921719956
2024-06-01,Facebook,NaN,78,5,432.85,NaN,0.0641025641025641,NaN
2024-06-01,Instagram,93.24,69,5,556.33,1.3513043478260869,0.07246376811594203,5.966645216645217
2024-06-01,Tiktok,109.54,76,2,41.46,1.4413157894736843,0.02631578947368421,0.37849187511411353
2024-06-01,Linkedin,91.43,90,2,145.86,1.015888888888889,0.022222222222222223,1.5953188231433884
2024-06-01,Email,113.2,56,3,258.89,2.0214285714285714,0.05357142857142857,2.2870141342756183
2024-06-02,Google Ads,73.67,51,2,88.39,1.4445098039215687,0.0392156862745098,1.1998099633500747
2024-06-02,Facebook,108.6,84,2,113.1,1.2928571428571427,0.023809523809523808,1.0414364640883977
2024-06-02,Instagram,100.61,83,4,394.1,1.2121686746987952,0.04819277108433735,3.9171056555014414
2024-06-02,Tiktok,165.47,113,4,237.71,1.4643362831858406,0.035398230088495575,1.4365746056687014
2024-06-02,Linkedin,21.25,11,0,0.0,1.9318181818181819,0.0,0.0
2024-06-02,Email,36.95,7,0,0.0,5.278571428571429,0.0,0.0
2024-06-03,Google Ads,46.85,35,2,210.25,1.3385714285714285,0.05714285714285714,4.487726787620064
2024-06-03,Facebook,152.78,111,2,172.63,1.3763963963963963,0.018018018018018018,1.1299253829035214
2024-06-03,Instagram,135.57,93,6,423.02,1.457741935483871,0.06451612903225806,3.120306852548499
2024-06-03,Tiktok,45.95,43,3,302.0,1.0686046511627907,0.06976744186046512,6.572361262241566
2024-06-03,Linkedin,107.79,67,4,273.86,1.6088059701492539,0.05970149253731343,2.5406809537062807
2024-06-03,Email,106.46,60,0,0.0,1.7743333333333333,0.0,0.0
2024-06-04,Google Ads,80.71,54,1,41.33,1.4946296296296295,0.018518518518518517,0.5120802874488911
2024-06-04,Facebook,119.94,78,2,200.87,1.5376923076923077,0.02564102564102564,1.6747540436885109
2024-06-04,Instagram,225.51,157,6,419.73,1.4363694267515923,0.03821656050955414,1.861247838233338
2024-06-04,Tiktok,236.66,170,13,1331.51,1.3921176470588235,0.07647058823529412,5.626257077664159
2024-06-04,Linkedin,167.81,129,8,797.49,1.3008527131782945,0.06201550387596899,4.752338954770276
2024-06-04,Email,178.81,120,2,209.45,1.4900833333333334,0.016666666666666666,1.1713550696269783
2024-06-05,Google Ads,56.02,34,1,98.75,1.6476470588235295,0.029411764705882353,1.7627632988218493
2024-06-05,Facebook,183.93,141,5,330.25,1.304468085106383,0.03546099290780142,1.7955200347958462
2024-06-05,Instagram,180.58,128,1,100.64,1.41078125,0.0078125,0.5573153173108871
2024-06-05,Tiktok,147.21,89,4,298.18,1.6540449438202247,0.0449438202247191,2.0255417430881053
2024-06-05,Linkedin,NaN,74,2,64.15,NaN,0.02702702702702703,NaN
2024-06-05,Email,110.23,67,3,275.59,1.645223880597015,0.04477611940298507,2.5001360791073206
2024-06-06,Google Ads,172.62,114,3,202.73,1.5142105263157895,0.02631578947368421,1.1744293824585794
2024-06-06,Facebook,76.27,41,2,208.17,1.8602439024390243,0.04878048780487805,2.729382457060443
2024-06-06,Instagram,103.79,71,3,294.0,1.461830985915493,0.04225352112676056,2.832642836496772
2024-06-06,Tiktok,84.16,58,1,42.31,1.4510344827586206,0.017241379310344827,0.5027328897338403
2024-06-06,Linkedin,44.53,34,1,98.36,1.3097058823529413,0.029411764705882353,2.20884796766225
2024-06-06,Email,156.55,98,7,663.67,1.597448979591837,0.07142857142857142,4.239348450974129
2024-06-07,Google Ads,138.61,103,7,534.05,1.345728155339806,0.06796116504854369,3.852896616405742
2024-06-07,Facebook,231.64,189,14,534.82,1.2256084656084656,0.07407407407407407,2.3088413054740116
2024-06-07,Instagram,86.0,56,3,172.92,1.5357142857142858,0.05357142857142857,2.0106976744186045
2024-06-07,Tiktok,35.38,9,0,0.0,3.9311111111111114,0.0,0.0
2024-06-07,Linkedin,301.43,228,18,1942.85,1.3220614035087719,0.07894736842105263,6.445443386524234
2024-06-07,Email,76.9,37,1,45.57,2.0783783783783787,0.02702702702702703,0.5925877763328998
2024-06-08,Google Ads,40.37,20,1,21.11,2.0185,0.05,0.5229130542482041
2024-06-08,Facebook,117.59,80,1,95.49,1.469875,0.0125,0.8120588485415425
2024-06-08,Instagram,118.62,80,3,92.63,1.48275,0.0375,0.7808969819591973
2024-06-08,Tiktok,60.1,61,3,198.64,0.9852459016393443,0.04918032786885246,3.305158069883527
2024-06-08,Linkedin,79.05,45,2,106.06,1.7566666666666666,0.044444444444444446,1.3416824794433904
2024-06-08,Email,90.57,44,3,89.1,2.0584090909090906,0.06818181818181818,0.9837694600861212
2024-06-09,Google Ads,NaN,143,11,461.91,NaN,0.07692307692307693,NaN
2024-06-09,Facebook,59.97,32,2,182.79,1.8740625,0.0625,3.048024012006003
2024-06-09,Instagram,30.16,31,1,78.16,0.9729032258064516,0.03225806451612903,2.5915119363395225
2024-06-09,Tiktok,50.27,41,1,54.02,1.2260975609756097,0.024390243902439025,1.0745971752536303
2024-06-09,Linkedin,159.24,94,3,133.77,1.6940425531914896,0.031914893617021274,0.8400527505651847
2024-06-09,Email,NaN,94,3,318.03,NaN,0.031914893617021274,NaN
2024-06-10,Google Ads,57.64,31,1,108.93,1.8593548387096774,0.03225806451612903,1.8898334489937545
2024-06-10,Facebook,68.37,43,1,70.38,1.59,0.023255813953488372,1.0293988591487493
2024-06-10,Instagram,59.7,39,2,210.72,1.5307692307692309,0.05128205128205128,3.52964824120603
2024-06-10,Tiktok,98.81,67,3,75.45,1.4747761194029851,0.04477611940298507,0.7635866815099687
2024-06-10,Linkedin,140.23,93,6,635.33,1.5078494623655914,0.06451612903225806,4.5306282535834
2024-06-10,Email,79.67,56,2,98.67,1.4226785714285715,0.03571428571428571,1.238483745449981
2024-06-11,Google Ads,101.72,64,2,152.48,1.589375,0.03125,1.4990169091624066
2024-06-11,Facebook,161.92,125,9,1018.42,1.2953599999999998,0.072,6.289649209486166
2024-06-11,Instagram,60.83,36,1,47.89,1.6897222222222221,0.027777777777777776,0.7872760151241164
2024-06-11,Tiktok,152.45,104,3,288.51,1.4658653846153844,0.028846153846153848,1.8924893407674648
2024-06-11,Linkedin,88.09,72,1,32.25,1.2234722222222223,0.013888888888888888,0.3661028493586105
2024-06-11,Email,43.54,34,2,82.3,1.2805882352941176,0.058823529411764705,1.8902158934313276
2024-06-12,Google Ads,69.08,27,0,0.0,2.5585185185185186,0.0,0.0
2024-06-12,Facebook,62.02,33,1,83.36,1.8793939393939394,0.030303030303030304,1.3440825540148338
2024-06-12,Instagram,64.36,61,4,310.01,1.0550819672131146,0.06557377049180328,4.816811684275947
2024-06-12,Tiktok,79.81,58,3,276.72,1.3760344827586208,0.05172413793103448,3.4672346823706306
2024-06-12,Linkedin,171.88,122,3,359.21,1.4088524590163933,0.02459016393442623,2.0898882941587154
2024-06-12,Email,312.11,221,10,1144.74,1.4122624434389142,0.04524886877828054,3.6677453461920475
2024-06-13,Google Ads,63.74,45,2,98.55,1.4164444444444444,0.044444444444444446,1.5461248823344838
2024-06-13,Facebook,116.39,78,3,254.23,1.4921794871794871,0.038461538461538464,2.1842941833490848
2024-06-13,Instagram,185.77,135,4,302.06,1.3760740740740742,0.02962962962962963,1.6259891263390214
2024-06-13,Tiktok,207.0,147,2,129.31,1.4081632653061225,0.013605442176870748,0.6246859903381643
2024-06-13,Linkedin,149.01,88,5,228.82,1.6932954545454544,0.056818181818181816,1.5356016374739951
2024-06-13,Email,139.35,93,3,207.4,1.4983870967741935,0.03225806451612903,1.4883387154646575
2024-06-14,Google Ads,209.05,146,5,446.9,1.4318493150684932,0.03424657534246575,2.137766084668739
2024-06-14,Facebook,47.85,48,3,325.19,0.9968750000000001,0.0625,6.796029258098224
2024-06-14,Instagram,226.27,151,5,309.22,1.498476821192053,0.033112582781456956,1.3665974278516817
2024-06-14,Tiktok,90.29,53,1,37.28,1.7035849056603776,0.018867924528301886,0.4128917931110865
2024-06-14,Linkedin,151.81,113,1,53.56,1.3434513274336284,0.008849557522123894,0.3528094328436862
2024-06-14,Email,140.01,102,4,295.06,1.3726470588235293,0.0392156862745098,2.10742089850725
2024-06-15,Google Ads,143.92,86,6,273.97,1.6734883720930231,0.06976744186046512,1.9036270150083383
2024-06-15,Facebook,127.69,96,7,670.1,1.3301041666666666,0.07291666666666667,5.247865925287806
2024-06-15,Instagram,95.28,72,1,109.99,1.3233333333333333,0.013888888888888888,1.1543870696893366
2024-06-15,Tiktok,121.51,75,1,99.08,1.6201333333333334,0.013333333333333334,0.815406139412394
2024-06-15,Linkedin,139.49,99,7,773.94,1.408989898989899,0.0707070707070707,5.548354720768514
2024-06-15,Email,162.08,108,1,37.24,1.500740740740741,0.009259259259259259,0.22976307996051332
2024-06-16,Google Ads,34.73,33,0,0.0,1.0524242424242423,0.0,0.0
2024-06-16,Facebook,123.47,63,1,106.11,1.9598412698412697,0.015873015873015872,0.8593990443022597
2024-06-16,Instagram,143.15,111,7,351.66,1.2896396396396397,0.06306306306306306,2.456584002794272
2024-06-16,Tiktok,79.75,32,0,0.0,2.4921875,0.0,0.0
2024-06-16,Linkedin,178.28,139,10,250.22,1.282589928057554,0.07194244604316546,1.403522548799641
2024-06-16,Email,135.67,99,4,176.16,1.3704040404040403,0.04040404040404041,1.2984447556571093
2024-06-17,Google Ads,261.79,179,10,834.88,1.462513966480447,0.055865921787709494,3.1891210512242636
2024-06-17,Facebook,63.4,41,1,55.98,1.5463414634146342,0.024390243902439025,0.8829652996845425
2024-06-17,Instagram,66.3,53,1,116.62,1.2509433962264151,0.018867924528301886,1.7589743589743592
2024-06-17,Tiktok,NaN,40,1,49.76,NaN,0.025,NaN
2024-06-17,Linkedin,314.29,220,8,596.85,1.4285909090909092,0.03636363636363636,1.899042285787012
2024-06-17,Email,147.52,97,4,189.65,1.5208247422680414,0.041237113402061855,1.2855883947939262
2024-06-18,Google Ads,181.31,141,1,82.53,1.285886524822695,0.0070921985815602835,0.45518724835916385
2024-06-18,Facebook,368.21,259,12,697.94,1.4216602316602316,0.04633204633204633,1.8954944189457106
2024-06-18,Instagram,91.56,61,4,409.64,1.5009836065573772,0.06557377049180328,4.474006116207951
2024-06-18,Tiktok,159.91,95,6,337.02,1.6832631578947368,0.06315789473684211,2.1075605027828153
2024-06-18,Linkedin,140.4,97,7,586.41,1.447422680412371,0.07216494845360824,4.1767094017094015
2024-06-18,Email,231.89,161,11,1274.62,1.440310559006211,0.06832298136645963,5.49665789814136
2024-06-19,Google Ads,56.6,36,1,115.48,1.5722222222222222,0.027777777777777776,2.0402826855123677
2024-06-19,Facebook,212.88,155,2,213.36,1.3734193548387097,0.012903225806451613,1.0022547914317927
2024-06-19,Instagram,212.6,150,6,585.56,1.4173333333333333,0.04,2.7542803386641577
2024-06-19,Tiktok,64.0,37,0,0.0,1.7297297297297298,0.0,0.0
2024-06-19,Linkedin,201.01,138,10,602.87,1.4565942028985506,0.07246376811594203,2.9992040197005125
2024-06-19,Email,57.73,44,2,56.5,1.3120454545454545,0.045454545454545456,0.9786939199722848
2024-06-20,Google Ads,88.36,56,2,138.77,1.5778571428571428,0.03571428571428571,1.5705070167496606
2024-06-20,Facebook,127.54,86,1,69.16,1.4830232558139536,0.011627906976744186,0.5422612513721184
2024-06-20,Instagram,153.38,94,5,213.84,1.6317021276595745,0.05319148936170213,1.3941843786673622
2024-06-20,Tiktok,87.24,80,2,118.17,1.0905,0.025,1.3545392022008254
2024-06-20,Linkedin,250.33,181,4,153.57,1.3830386740331493,0.022099447513812154,0.61347021931051
2024-06-20,Email,265.32,180,2,94.86,1.474,0.011111111111111112,0.3575305291723202
2024-06-21,Google Ads,120.76,88,1,66.47,1.3722727272727273,0.011363636363636364,0.5504306061609804
2024-06-21,Facebook,32.93,35,1,91.04,0.9408571428571428,0.02857142857142857,2.7646522927421806
2024-06-21,Instagram,212.54,141,4,462.51,1.5073758865248226,0.028368794326241134,2.1761080267243815
2024-06-21,Tiktok,107.47,67,1,97.02,1.6040298507462687,0.014925373134328358,0.9027635619242579
2024-06-21,Linkedin,65.68,41,1,30.27,1.6019512195121952,0.024390243902439025,0.4608708891595615
2024-06-21,Email,NaN,82,1,39.73,NaN,0.012195121951219513,NaN
2024-06-22,Google Ads,132.96,85,5,257.59,1.5642352941176472,0.058823529411764705,1.9373495788206976
2024-06-22,Facebook,154.87,121,9,666.3,1.2799173553719008,0.0743801652892562,4.302318073222702
2024-06-22,Instagram,71.64,57,3,278.32,1.256842105263158,0.05263157894736842,3.8849804578447795
2024-06-22,Tiktok,47.23,33,0,0.0,1.4312121212121212,0.0,0.0
2024-06-22,Linkedin,141.97,108,2,93.44,1.314537037037037,0.018518518518518517,0.6581672184264281
2024-06-22,Email,28.62,30,0,0.0,0.9540000000000001,0.0,0.0
2024-06-23,Google Ads,212.86,141,1,96.1,1.5096453900709221,0.0070921985815602835,0.45147045006107295
2024-06-23,Facebook,196.85,124,1,104.78,1.5875,0.008064516129032258,0.5322834645669292
2024-06-23,Instagram,93.0,79,3,100.5,1.1772151898734178,0.0379746835443038,1.0806451612903225
2024-06-23,Tiktok,115.36,82,2,109.7,1.4068292682926828,0.024390243902439025,0.9509361997226076
2024-06-23,Linkedin,42.07,29,1,41.38,1.4506896551724138,0.034482758620689655,0.9835987639648206
2024-06-23,Email,313.41,225,15,505.09,1.3929333333333334,0.06666666666666667,1.6115950352573305
2024-06-24,Google Ads,219.61,156,2,57.23,1.4077564102564104,0.01282051282051282,0.2605983334092254
2024-06-24,Facebook,112.37,76,3,292.17,1.4785526315789475,0.039473684210526314,2.6000711933790157
2024-06-24,Instagram,39.79,39,0,0.0,1.0202564102564102,0.0,0.0
2024-06-24,Tiktok,102.3,72,2,62.02,1.4208333333333334,0.027777777777777776,0.606256109481916
2024-06-24,Linkedin,73.5,50,0,0.0,1.47,0.0,0.0
2024-06-24,Email,216.99,142,10,386.7,1.528098591549296,0.07042253521126761,1.7821097746439927
2024-06-25,Google Ads,56.47,48,2,194.42,1.1764583333333334,0.041666666666666664,3.44289003010448
2024-06-25,Facebook,44.37,28,1,72.92,1.584642857142857,0.03571428571428571,1.6434527834122157
2024-06-25,Instagram,47.97,31,1,82.94,1.5474193548387096,0.03225806451612903,1.7289972899728998
2024-06-25,Tiktok,83.72,60,1,90.21,1.3953333333333333,0.016666666666666666,1.0775203057811753
2024-06-25,Linkedin,158.75,121,7,298.96,1.31198347107438,0.05785123966942149,1.8832125984251966
2024-06-25,Email,111.6,91,5,260.51,1.2263736263736262,0.054945054945054944,2.3343189964157705
2024-06-26,Google Ads,43.3,36,0,0.0,1.2027777777777777,0.0,0.0
2024-06-26,Facebook,36.63,23,1,53.62,1.5926086956521741,0.043478260869565216,1.4638274638274638
2024-06-26,Instagram,21.34,26,0,0.0,0.8207692307692308,0.0,0.0
2024-06-26,Tiktok,59.92,43,2,69.24,1.3934883720930233,0.046511627906976744,1.1555407209612816
2024-06-26,Linkedin,65.34,43,1,89.24,1.5195348837209304,0.023255813953488372,1.3657790021426384
2024-06-26,Email,113.96,80,1,112.39,1.4244999999999999,0.0125,0.9862232362232363
2024-06-27,Google Ads,140.0,99,7,370.3,1.4141414141414141,0.0707070707070707,2.645
2024-06-27,Facebook,88.51,64,2,180.12,1.38296875,0.03125,2.0350242910405605
2024-06-27,Instagram,82.12,53,2,221.86,1.549433962264151,0.03773584905660377,2.7016561130053582
2024-06-27,Tiktok,6.65,4,0,0.0,1.6625,0.0,0.0
2024-06-27,Linkedin,160.31,127,8,304.87,1.2622834645669292,0.06299212598425197,1.901752853845674
2024-06-27,Email,246.74,174,13,1348.14,1.4180459770114944,0.07471264367816093,5.463808057064116
2024-06-28,Google Ads,143.07,102,4,362.51,1.4026470588235294,0.0392156862745098,2.5337946459774936
2024-06-28,Facebook,105.15,82,1,102.55,1.2823170731707318,0.012195121951219513,0.9752734189253447
2024-06-28,Instagram,97.01,76,1,58.76,1.2764473684210527,0.013157894736842105,0.6057107514689207
2024-06-28,Tiktok,14.01,24,0,0.0,0.58375,0.0,0.0
2024-06-28,Linkedin,139.83,105,4,342.24,1.3317142857142859,0.0380952380952381,2.4475434456125296
2024-06-28,Email,95.3,60,2,53.79,1.5883333333333334,0.03333333333333333,0.5644281217208814
2024-06-29,Google Ads,NaN,153,9,781.59,NaN,0.058823529411764705,NaN
2024-06-29,Facebook,100.34,68,2,158.53,1.4755882352941176,0.029411764705882353,1.5799282439705002
2024-06-29,Instagram,114.55,95,4,103.14,1.2057894736842105,0.042105263157894736,0.9003928415539066
2024-06-29,Tiktok,64.82,59,4,99.06,1.09864406779661,0.06779661016949153,1.5282320271521137
2024-06-29,Linkedin,52.56,33,2,98.15,1.5927272727272728,0.06060606060606061,1.8673896499238964
2024-06-29,Email,46.78,27,1,39.99,1.7325925925925927,0.037037037037037035,0.8548525010688328
2024-06-30,Google Ads,35.89,29,0,0.0,1.2375862068965517,0.0,0.0
2024-06-30,Facebook,72.18,53,3,92.82,1.3618867924528304,0.05660377358490566,1.2859517871986699
2024-06-30,Instagram,61.52,32,1,64.14,1.9225,0.03125,1.0425877763329
2024-06-30,Tiktok,175.81,110,7,331.09,1.5982727272727273,0.06363636363636363,1.8832262101131902
2024-06-30,Linkedin,159.64,110,4,336.98,1.451272727272727,0.03636363636363636,2.110874467551992
2024-06-30,Email,49.01,42,0,0.0,1.166904761904762,0.0,0.0
2024-07-01,Google Ads,254.51,169,4,329.84,1.5059763313609467,0.023668639053254437,1.2959805115712546
2024-07-01,Facebook,53.1,27,0,0.0,1.9666666666666668,0.0,0.0
2024-07-01,Instagram,88.03,45,0,0.0,1.9562222222222223,0.0,0.0
2024-07-01,Tiktok,42.99,14,0,0.0,3.0707142857142857,0.0,0.0
2024-07-01,Linkedin,255.24,168,10,1134.15,1.5192857142857144,0.05952380952380952,4.4434649741419845
2024-07-01,Email,79.86,58,0,0.0,1.3768965517241378,0.0,0.0
2024-07-02,Google Ads,74.58,39,2,115.69,1.9123076923076923,0.05128205128205128,1.551220166264414
2024-07-02,Facebook,165.28,115,2,209.53,1.4372173913043478,0.017391304347826087,1.2677274927395934
2024-07-02,Instagram,71.48,42,3,211.71,1.701904761904762,0.07142857142857142,2.961807498601007
2024-07-02,Tiktok,182.6,124,6,358.57,1.4725806451612902,0.04838709677419355,1.9636911281489595
2024-07-02,Linkedin,137.32,112,3,331.36,1.2260714285714285,0.026785714285714284,2.4130498106612293
2024-07-02,Email,NaN,26,0,0.0,NaN,0.0,NaN
2024-07-03,Google Ads,202.05,136,6,462.44,1.4856617647058825,0.04411764705882353,2.2887404107894085
2024-07-03,Facebook,236.35,158,4,109.25,1.495886075949367,0.02531645569620253,0.46223820605034904
2024-07-03,Instagram,34.95,30,1,118.76,1.165,0.03333333333333333,3.397997138769671
2024-07-03,Tiktok,102.04,83,5,450.73,1.2293975903614458,0.060240963855421686,4.4171893375147
2024-07-03,Linkedin,191.64,111,3,82.38,1.7264864864864864,0.02702702702702703,0.42986850344395744
2024-07-03,Email,109.55,88,2,123.57,1.2448863636363636,0.022727272727272728,1.1279780921953446
2024-07-04,Google Ads,64.84,51,3,180.09,1.271372549019608,0.058823529411764705,2.777452190006169
2024-07-04,Facebook,108.26,80,4,247.75,1.35325,0.05,2.2884721965638275
2024-07-04,Instagram,76.77,59,1,93.21,1.301186440677966,0.01694915254237288,1.2141461508401719
2024-07-04,Tiktok,66.2,38,1,101.73,1.7421052631578948,0.02631578947368421,1.5367069486404834
2024-07-04,Linkedin,197.31,137,4,390.24,1.44021897810219,0.029197080291970802,1.9778014292230501
2024-07-04,Email,NaN,73,4,449.77,NaN,0.0547945205479452,NaN
2024-07-05,Google Ads,134.93,91,4,171.81,1.4827472527472527,0.04395604395604396,1.273326910249759
2024-07-05,Facebook,2.71,0,0,0.0,NaN,NaN,0.0
2024-07-05,Instagram,129.06,81,2,81.75,1.5933333333333333,0.024691358024691357,0.6334263133426313
2024-07-05,Tiktok,76.89,55,2,75.08,1.398,0.03636363636363636,0.9764598777474314
2024-07-05,Linkedin,209.63,163,3,224.74,1.2860736196319018,0.018404907975460124,1.072079377951629
2024-07-05,Email,67.26,56,1,47.69,1.2010714285714286,0.017857142857142856,0.7090395480225988
2024-07-06,Google Ads,49.07,53,1,44.3,0.9258490566037736,0.018867924528301886,0.9027919298960668
2024-07-06,Facebook,109.14,85,3,119.23,1.284,0.03529411764705882,1.0924500641378048
2024-07-06,Instagram,83.3,50,1,61.0,1.666,0.02,0.7322929171668667
2024-07-06,Tiktok,181.21,116,8,466.71,1.5621551724137932,0.06896551724137931,2.575520114783952
2024-07-06,Linkedin,80.81,62,0,0.0,1.3033870967741936,0.0,0.0
2024-07-06,Email,99.2,68,2,195.3,1.4588235294117649,0.029411764705882353,1.96875
2024-07-07,Google Ads,159.4,130,1,116.54,1.2261538461538461,0.007692307692307693,0.7311166875784191
2024-07-07,Facebook,65.98,45,2,118.82,1.4662222222222223,0.044444444444444446,1.8008487420430432
2024-07-07,Instagram,89.85,64,3,229.03,1.40390625,0.046875,2.5490261547022817
2024-07-07,Tiktok,67.76,33,2,103.26,2.0533333333333337,0.06060606060606061,1.5239079102715467
2024-07-07,Linkedin,60.72,52,0,0.0,1.1676923076923076,0.0,0.0
2024-07-07,Email,106.66,78,5,428.89,1.3674358974358973,0.0641025641025641,4.021095068441777
2024-07-08,Google Ads,99.61,59,3,122.53,1.6883050847457628,0.05084745762711865,1.2300973797811465
2024-07-08,Facebook,144.35,121,6,607.72,1.1929752066115702,0.049586776859504134,4.210045029442328
2024-07-08,Instagram,131.91,93,6,145.55,1.4183870967741936,0.06451612903225806,1.103403835948753
2024-07-08,Tiktok,29.63,18,1,111.39,1.646111111111111,0.05555555555555555,3.759365507931151
2024-07-08,Linkedin,181.47,115,4,355.69,1.578,0.034782608695652174,1.9600484928638342
2024-07-08,Email,155.96,93,2,116.32,1.676989247311828,0.021505376344086023,0.745832264683252
2024-07-09,Google Ads,67.17,37,2,180.48,1.8154054054054054,0.05405405405405406,2.68691380080393
2024-07-09,Facebook,78.62,59,3,83.97,1.332542372881356,0.05084745762711865,1.0680488425337065
2024-07-09,Instagram,161.66,121,6,568.71,1.3360330578512396,0.049586776859504134,3.517938884077694
2024-07-09,Tiktok,101.46,77,4,378.8,1.3176623376623375,0.05194805194805195,3.7334910309481573
2024-07-09,Linkedin,28.3,9,0,0.0,3.1444444444444444,0.0,0.0
2024-07-09,Email,136.2,101,3,235.9,1.3485148514851484,0.0297029702970297,1.7320117474302499
2024-07-10,Google Ads,122.54,82,6,609.34,1.494390243902439,0.07317073170731707,4.972580381916109
2024-07-10,Facebook,209.0,145,11,959.21,1.4413793103448276,0.07586206896551724,4.589521531100479
2024-07-10,Instagram,159.22,111,2,207.71,1.4344144144144144,0.018018018018018018,1.3045471674412763
2024-07-10,Tiktok,40.84,37,2,163.15,1.1037837837837838,0.05405405405405406,3.9948579823702253
2024-07-10,Linkedin,129.83,95,7,682.15,1.3666315789473686,0.07368421052631578,5.254178541169221
2024-07-10,Email,60.44,21,0,0.0,2.878095238095238,0.0,0.0
2024-07-11,Google Ads,135.24,92,1,83.46,1.4700000000000002,0.010869565217391304,0.6171251109139307
2024-07-11,Facebook,100.71,59,3,121.54,1.7069491525423728,0.05084745762711865,1.2068314963757325
2024-07-11,Instagram,81.55,49,2,72.97,1.6642857142857141,0.04081632653061224,0.8947884733292458
2024-07-11,Tiktok,173.25,123,7,678.58,1.4085365853658536,0.056910569105691054,3.916767676767677
2024-07-11,Linkedin,186.4,136,2,105.14,1.3705882352941177,0.014705882352941176,0.5640557939914163
2024-07-11,Email,113.08,68,3,70.88,1.6629411764705881,0.04411764705882353,0.6268128758401131
2024-07-12,Google Ads,98.56,71,3,175.82,1.388169014084507,0.04225352112676056,1.783887987012987
2024-07-12,Facebook,278.97,192,14,1309.56,1.4529687500000001,0.07291666666666667,4.694268200881814
2024-07-12,Instagram,47.4,27,0,0.0,1.7555555555555555,0.0,0.0
2024-07-12,Tiktok,253.91,170,10,1062.9,1.4935882352941177,0.058823529411764705,4.186128943326376
2024-07-12,Linkedin,222.79,139,7,220.02,1.6028057553956834,0.050359712230215826,0.9875667669105437
2024-07-12,Email,107.72,80,1,31.94,1.3465,0.0125,0.29650946899368735
2024-07-13,Google Ads,105.22,67,0,0.0,1.5704477611940297,0.0,0.0
2024-07-13,Facebook,55.65,35,1,36.46,1.5899999999999999,0.02857142857142857,0.6551662174303684
2024-07-13,Instagram,75.08,59,1,45.52,1.2725423728813559,0.01694915254237288,0.6062866275972297
2024-07-13,Tiktok,143.15,104,5,493.81,1.3764423076923078,0.04807692307692308,3.449598323436954
2024-07-13,Linkedin,208.43,145,6,186.81,1.437448275862069,0.041379310344827586,0.8962721297318045
2024-07-13,Email,49.17,21,1,97.57,2.3414285714285716,0.047619047619047616,1.984340044742729
2024-07-14,Google Ads,204.61,149,11,1148.63,1.3732214765100672,0.0738255033557047,5.613752993499829
2024-07-14,Facebook,123.38,91,5,241.11,1.3558241758241758,0.054945054945054944,1.954206516453234
2024-07-14,Instagram,309.29,232,10,917.56,1.333146551724138,0.04310344827586207,2.9666655889294833
2024-07-14,Tiktok,82.34,42,3,262.77,1.9604761904761905,0.07142857142857142,3.1912800582948746
2024-07-14,Linkedin,NaN,82,4,341.09,NaN,0.04878048780487805,NaN
2024-07-14,Email,127.38,78,5,248.51,1.633076923076923,0.0641025641025641,1.9509342125922438
2024-07-15,Google Ads,48.58,43,2,233.64,1.129767441860465,0.046511627906976744,4.809386578839028
2024-07-15,Facebook,NaN,69,3,358.8,NaN,0.043478260869565216,NaN
2024-07-15,Instagram,110.95,75,4,178.54,1.4793333333333334,0.05333333333333334,1.609193330328977
2024-07-15,Tiktok,174.83,128,4,327.07,1.365859375,0.03125,1.870788766230052
2024-07-15,Linkedin,84.72,52,0,0.0,1.6292307692307693,0.0,0.0
2024-07-15,Email,57.69,36,2,47.74,1.6025,0.05555555555555555,0.827526434390709
2024-07-16,Google Ads,212.81,160,12,986.56,1.3300625,0.075,4.635872374418495
2024-07-16,Facebook,148.26,102,5,465.25,1.4535294117647057,0.049019607843137254,3.1380682584648594
2024-07-16,Instagram,100.8,75,4,105.49,1.3439999999999999,0.05333333333333334,1.0465277777777777
2024-07-16,Tiktok,NaN,82,5,361.45,NaN,0.06097560975609756,NaN
2024-07-16,Linkedin,230.27,166,10,885.74,1.3871686746987952,0.060240963855421686,3.846527988882616
2024-07-16,Email,367.74,269,10,976.48,1.3670631970260223,0.03717472118959108,2.6553543264262793
2024-07-17,Google Ads,305.53,210,4,101.51,1.4549047619047617,0.01904761904761905,0.3322423329951233
2024-07-17,Facebook,244.76,170,3,316.27,1.4397647058823528,0.01764705882352941,1.2921637522470992
2024-07-17,Instagram,126.45,96,7,455.81,1.3171875,0.07291666666666667,3.604665875840253
2024-07-17,Tiktok,136.66,98,4,110.43,1.3944897959183673,0.04081632653061224,0.8080638079906337
2024-07-17,Linkedin,81.43,62,4,144.14,1.3133870967741936,0.06451612903225806,1.7701092963281342
2024-07-17,Email,243.66,181,6,279.74,1.3461878453038674,0.03314917127071823,1.1480751867356151
2024-07-18,Google Ads,56.04,30,1,73.84,1.8679999999999999,0.03333333333333333,1.3176302640970736
2024-07-18,Facebook,50.27,43,2,136.42,1.1690697674418606,0.046511627906976744,2.7137457728267353
2024-07-18,Instagram,82.78,77,2,88.55,1.075064935064935,0.025974025974025976,1.069702826769751
2024-07-18,Tiktok,114.65,83,2,131.93,1.3813253012048194,0.024096385542168676,1.1507195813344964
2024-07-18,Linkedin,53.33,25,1,108.76,2.1332,0.04,2.0393774610913185
2024-07-18,Email,80.45,58,1,59.45,1.3870689655172415,0.017241379310344827,0.7389683032939715
2024-07-19,Google Ads,191.88,140,2,73.96,1.3705714285714286,0.014285714285714285,0.3854492391077757
2024-07-19,Facebook,67.3,49,0,0.0,1.373469387755102,0.0,0.0
2024-07-19,Instagram,98.88,74,2,110.42,1.3362162162162161,0.02702702702702703,1.1167071197411005
2024-07-19,Tiktok,55.37,56,3,100.86,0.9887499999999999,0.05357142857142857,1.8215640238396245
2024-07-19,Linkedin,96.11,54,3,204.87,1.7798148148148147,0.05555555555555555,2.1316200187285403
2024-07-19,Email,201.27,144,9,268.61,1.3977083333333333,0.0625,1.334575445918418
2024-07-20,Google Ads,49.64,52,2,56.3,0.9546153846153846,0.038461538461538464,1.1341659951651892
2024-07-20,Facebook,115.88,81,5,289.13,1.4306172839506173,0.06172839506172839,2.495081118398343
2024-07-20,Instagram,NaN,64,0,0.0,NaN,0.0,NaN
2024-07-20,Tiktok,137.03,81,2,151.16,1.6917283950617283,0.024691358024691357,1.1031161059621981
2024-07-20,Linkedin,235.78,177,6,273.12,1.332090395480226,0.03389830508474576,1.1583679701416576
2024-07-20,Email,114.18,73,1,73.09,1.564109589041096,0.0136986301369863,0.640129619898406
2024-07-21,Google Ads,242.39,163,9,498.06,1.4870552147239262,0.05521472392638037,2.054787738768101
2024-07-21,Facebook,NaN,75,2,152.67,NaN,0.02666666666666667,NaN
2024-07-21,Instagram,63.39,51,3,262.33,1.2429411764705882,0.058823529411764705,4.138349897460167
2024-07-21,Tiktok,261.22,196,9,515.36,1.3327551020408164,0.04591836734693878,1.9728964091570322
2024-07-21,Linkedin,137.84,100,7,557.43,1.3784,0.07,4.044036564132327
2024-07-21,Email,474.91,324,6,203.44,1.4657716049382716,0.018518518518518517,0.42837590280263627
2024-07-22,Google Ads,125.52,98,6,597.54,1.2808163265306123,0.061224489795918366,4.760516252390057
2024-07-22,Facebook,96.24,65,4,186.48,1.4806153846153844,0.06153846153846154,1.9376558603491272
2024-07-22,Instagram,255.77,188,2,236.68,1.3604787234042555,0.010638297872340425,0.9253626304883293
2024-07-22,Tiktok,294.51,235,14,1120.06,1.2532340425531914,0.059574468085106386,3.8031306237479203
2024-07-22,Linkedin,126.84,87,4,134.03,1.4579310344827587,0.04597701149425287,1.0566855881425419
2024-07-22,Email,133.76,104,6,276.28,1.286153846153846,0.057692307692307696,2.0654904306220097
2024-07-23,Google Ads,37.3,26,1,51.96,1.4346153846153844,0.038461538461538464,1.393029490616622
2024-07-23,Facebook,74.0,47,3,172.55,1.574468085106383,0.06382978723404255,2.3317567567567568
2024-07-23,Instagram,82.96,60,2,115.84,1.3826666666666665,0.03333333333333333,1.3963355834136935
2024-07-23,Tiktok,154.91,125,4,223.37,1.23928,0.032,1.4419340262087665
2024-07-23,Linkedin,77.46,59,0,0.0,1.3128813559322032,0.0,0.0
2024-07-23,Email,259.92,178,10,1196.6,1.4602247191011237,0.056179775280898875,4.603724222837796
2024-07-24,Google Ads,36.49,47,2,188.49,0.7763829787234043,0.0425531914893617,5.165524801315429
2024-07-24,Facebook,188.12,113,6,277.26,1.6647787610619469,0.05309734513274336,1.4738464809695937
2024-07-24,Instagram,23.71,8,0,0.0,2.96375,0.0,0.0
2024-07-24,Tiktok,150.23,109,3,183.11,1.3782568807339448,0.027522935779816515,1.2188644079078748
2024-07-24,Linkedin,25.48,29,1,60.53,0.8786206896551725,0.034482758620689655,2.3755886970172684
2024-07-24,Email,NaN,73,5,533.41,NaN,0.0684931506849315,NaN
2024-07-25,Google Ads,206.2,152,8,718.48,1.3565789473684209,0.05263157894736842,3.484384093113482
2024-07-25,Facebook,30.36,9,0,0.0,3.373333333333333,0.0,0.0
2024-07-25,Instagram,72.03,47,3,118.83,1.5325531914893618,0.06382978723404255,1.6497292794668887
2024-07-25,Tiktok,60.67,59,3,350.26,1.0283050847457627,0.05084745762711865,5.773199274765123
2024-07-25,Linkedin,136.16,104,6,198.41,1.3092307692307692,0.057692307692307696,1.4571827262044654
2024-07-25,Email,148.85,105,7,688.98,1.4176190476190476,0.06666666666666667,4.628686597245549
2024-07-26,Google Ads,135.42,89,1,34.74,1.521573033707865,0.011235955056179775,0.25653522374833854
2024-07-26,Facebook,82.84,48,0,0.0,1.7258333333333333,0.0,0.0
2024-07-26,Instagram,112.1,76,2,196.14,1.4749999999999999,0.02631578947368421,1.7496877787689562
2024-07-26,Tiktok,166.19,110,7,769.05,1.5108181818181818,0.06363636363636363,4.627534749383236
2024-07-26,Linkedin,206.86,111,5,518.06,1.8636036036036037,0.04504504504504504,2.504399110509523
2024-07-26,Email,36.53,17,0,0.0,2.148823529411765,0.0,0.0
2024-07-27,Google Ads,170.02,123,9,612.94,1.3822764227642277,0.07317073170731707,3.605105281731561
2024-07-27,Facebook,51.64,48,1,55.97,1.0758333333333334,0.020833333333333332,1.0838497288923314
2024-07-27,Instagram,227.07,161,11,984.87,1.4103726708074533,0.06832298136645963,4.337296868806976
2024-07-27,Tiktok,NaN,159,7,456.05,NaN,0.0440251572327044,NaN
2024-07-27,Linkedin,73.7,48,3,197.15,1.5354166666666667,0.0625,2.6750339213025778
2024-07-27,Email,75.95,51,3,309.23,1.4892156862745098,0.058823529411764705,4.071494404213298
2024-07-28,Google Ads,81.05,49,2,120.67,1.6540816326530612,0.04081632653061224,1.4888340530536706
2024-07-28,Facebook,83.8,59,2,119.63,1.4203389830508475,0.03389830508474576,1.427565632458234
2024-07-28,Instagram,80.68,46,1,43.88,1.753913043478261,0.021739130434782608,0.5438770451165097
2024-07-28,Tiktok,125.41,88,1,94.22,1.4251136363636363,0.011363636363636364,0.7512957499401962
2024-07-28,Linkedin,332.94,234,8,313.84,1.422820512820513,0.03418803418803419,0.942632306121223
2024-07-28,Email,100.06,48,0,0.0,2.0845833333333332,0.0,0.0
2024-07-29,Google Ads,134.67,92,1,66.64,1.463804347826087,0.010869565217391304,0.49483923665255813
2024-07-29,Facebook,38.67,25,0,0.0,1.5468000000000002,0.0,0.0
2024-07-29,Instagram,219.85,163,5,441.75,1.3487730061349692,0.03067484662576687,2.009324539458722
2024-07-29,Tiktok,479.54,345,26,2115.44,1.3899710144927537,0.07536231884057971,4.411394252825625
2024-07-29,Linkedin,76.52,71,2,149.95,1.0777464788732394,0.028169014084507043,1.9596184004181914
2024-07-29,Email,76.53,52,3,302.93,1.4717307692307693,0.057692307692307696,3.958316999869332
2024-07-30,Google Ads,126.38,88,2,151.82,1.4361363636363635,0.022727272727272728,1.2012976736825447
2024-07-30,Facebook,333.7,232,11,727.17,1.4383620689655172,0.04741379310344827,2.1791129757267007
2024-07-30,Instagram,157.36,111,4,96.88,1.4176576576576578,0.036036036036036036,0.6156583629893237
2024-07-30,Tiktok,67.82,48,2,64.11,1.4129166666666666,0.041666666666666664,0.9452963727514009
2024-07-30,Linkedin,49.84,21,1,41.46,2.3733333333333335,0.047619047619047616,0.8318619582664526
2024-07-30,Email,62.89,38,2,89.24,1.655,0.05263157894736842,1.4189855302909842
2024-07-31,Google Ads,116.27,65,1,71.28,1.7887692307692307,0.015384615384615385,0.6130558183538316
2024-07-31,Facebook,62.86,32,0,0.0,1.964375,0.0,0.0
2024-07-31,Instagram,123.01,90,4,87.75,1.3667777777777779,0.044444444444444446,0.713356637671734
2024-07-31,Tiktok,61.97,51,2,113.73,1.2150980392156863,0.0392156862745098,1.83524285944812
2024-07-31,Linkedin,90.93,46,3,67.09,1.9767391304347828,0.06521739130434782,0.7378203013306939
2024-07-31,Email,166.78,123,4,349.46,1.3559349593495935,0.032520325203252036,2.0953351720829834
2024-08-01,Google Ads,72.87,33,1,20.59,2.2081818181818185,0.030303030303030304,0.28255797996432
2024-08-01,Facebook,147.14,105,7,635.47,1.401333333333333,0.06666666666666667,4.318812015767297
2024-08-01,Instagram,57.77,33,0,0.0,1.7506060606060607,0.0,0.0
2024-08-01,Tiktok,63.8,44,1,74.02,1.45,0.022727272727272728,1.1601880877742947
2024-08-01,Linkedin,47.81,23,1,69.49,2.0786956521739133,0.043478260869565216,1.453461618908178
2024-08-01,Email,200.28,144,10,793.0,1.3908333333333334,0.06944444444444445,3.9594567605352506
2024-08-02,Google Ads,99.03,63,1,111.82,1.571904761904762,0.015873015873015872,1.129152781985257
2024-08-02,Facebook,125.75,95,2,233.9,1.3236842105263158,0.021052631578947368,1.8600397614314115
2024-08-02,Instagram,192.38,142,2,72.79,1.3547887323943661,0.014084507042253521,0.3783657344838341
2024-08-02,Tiktok,169.83,126,4,418.72,1.3478571428571429,0.031746031746031744,2.465524347877289
2024-08-02,Linkedin,116.39,91,2,81.35,1.279010989010989,0.02197802197802198,0.6989432081793968
2024-08-02,Email,100.19,66,2,87.31,1.518030303030303,0.030303030303030304,0.8714442559137638
2024-08-03,Google Ads,51.27,33,0,0.0,1.5536363636363637,0.0,0.0
2024-08-03,Facebook,51.74,38,0,0.0,1.361578947368421,0.0,0.0
2024-08-03,Instagram,149.9,108,8,772.98,1.387962962962963,0.07407407407407407,5.156637758505671
2024-08-03,Tiktok,40.85,15,0,0.0,2.7233333333333336,0.0,0.0
2024-08-03,Linkedin,117.52,90,4,273.08,1.3057777777777777,0.044444444444444446,2.3236895847515315
2024-08-03,Email,105.62,73,3,82.48,1.4468493150684931,0.0410958904109589,0.7809127059269078
2024-08-04,Google Ads,54.54,35,2,197.34,1.5582857142857143,0.05714285714285714,3.6182618261826183
2024-08-04,Facebook,50.66,28,1,104.15,1.8092857142857142,0.03571428571428571,2.055862613501777
2024-08-04,Instagram,135.89,87,1,64.07,1.5619540229885056,0.011494252873563218,0.47148428876297005
2024-08-04,Tiktok,79.11,46,1,118.96,1.7197826086956522,0.021739130434782608,1.5037289849576538
2024-08-04,Linkedin,51.87,39,2,189.33,1.3299999999999998,0.05128205128205128,3.6500867553499137
2024-08-04,Email,89.79,66,2,95.75,1.3604545454545456,0.030303030303030304,1.0663771021271855
2024-08-05,Google Ads,222.84,156,1,115.68,1.4284615384615384,0.00641025641025641,0.5191168551427033
2024-08-05,Facebook,89.15,52,2,225.37,1.714423076923077,0.038461538461538464,2.527986539540101
2024-08-05,Instagram,38.52,15,0,0.0,2.568,0.0,0.0
2024-08-05,Tiktok,NaN,31,2,207.34,NaN,0.06451612903225806,NaN
2024-08-05,Linkedin,125.86,96,6,607.57,1.3110416666666667,0.0625,4.827347846813921
2024-08-05,Email,93.08,71,0,0.0,1.3109859154929577,0.0,0.0
2024-08-06,Google Ads,168.1,116,4,399.41,1.4491379310344827,0.034482758620689655,2.3760261748958955
2024-08-06,Facebook,196.43,139,10,917.11,1.4131654676258993,0.07194244604316546,4.668889680802321
2024-08-06,Instagram,56.53,53,2,43.74,1.0666037735849057,0.03773584905660377,0.7737484521493013
2024-08-06,Tiktok,98.86,72,1,103.07,1.3730555555555555,0.013888888888888888,1.042585474408254
2024-08-06,Linkedin,84.27,70,2,88.19,1.2038571428571427,0.02857142857142857,1.0465171472647443
2024-08-06,Email,110.52,83,1,44.76,1.331566265060241,0.012048192771084338,0.40499457111834963
2024-08-07,Google Ads,NaN,128,4,109.54,NaN,0.03125,NaN
2024-08-07,Facebook,282.38,192,8,234.31,1.4707291666666666,0.041666666666666664,0.8297683971952688
2024-08-07,Instagram,255.11,189,10,278.36,1.3497883597883598,0.05291005291005291,1.0911371565207166
2024-08-07,Tiktok,184.39,120,8,475.68,1.5365833333333332,0.06666666666666667,2.5797494441130215
2024-08-07,Linkedin,87.55,84,1,27.21,1.0422619047619048,0.011904761904761904,0.3107938320959452
2024-08-07,Email,107.02,73,1,66.95,1.466027397260274,0.0136986301369863,0.6255840029900953
2024-08-08,Google Ads,112.63,81,6,281.79,1.3904938271604939,0.07407407407407407,2.501908905265027
2024-08-08,Facebook,36.13,15,0,0.0,2.408666666666667,0.0,0.0
2024-08-08,Instagram,194.19,136,5,104.81,1.4278676470588234,0.03676470588235294,0.5397291312631959
2024-08-08,Tiktok,146.26,89,1,67.43,1.6433707865168539,0.011235955056179775,0.4610283057568714
2024-08-08,Linkedin,183.2,134,7,419.1,1.3671641791044775,0.05223880597014925,2.2876637554585155
2024-08-08,Email,199.2,136,5,392.78,1.464705882352941,0.03676470588235294,1.9717871485943774
2024-08-09,Google Ads,109.1,85,3,208.43,1.2835294117647058,0.03529411764705882,1.9104491292392303
2024-08-09,Facebook,29.51,10,0,0.0,2.951,0.0,0.0
2024-08-09,Instagram,144.9,102,1,109.02,1.4205882352941177,0.00980392156862745,0.7523809523809524
2024-08-09,Tiktok,109.71,82,0,0.0,1.3379268292682926,0.0,0.0
2024-08-09,Linkedin,61.01,41,0,0.0,1.4880487804878049,0.0,0.0
2024-08-09,Email,111.19,76,4,100.53,1.4630263157894736,0.05263157894736842,0.9041280690709597
2024-08-10,Google Ads,186.75,126,6,362.45,1.4821428571428572,0.047619047619047616,1.9408299866131191
2024-08-10,Facebook,71.87,67,1,52.84,1.0726865671641792,0.014925373134328358,0.7352163628774175
2024-08-10,Instagram,124.54,107,3,321.72,1.1639252336448598,0.028037383177570093,2.5832664204271722
2024-08-10,Tiktok,86.16,56,3,68.73,1.5385714285714285,0.05357142857142857,0.7977019498607243
2024-08-10,Linkedin,236.97,184,10,548.95,1.2878804347826087,0.05434782608695652,2.3165379583913577
2024-08-10,Email,101.81,81,6,188.48,1.2569135802469136,0.07407407407407407,1.851291621648168
2024-08-11,Google Ads,105.4,64,0,0.0,1.646875,0.0,0.0
2024-08-11,Facebook,211.94,147,7,452.66,1.4417687074829932,0.047619047619047616,2.1357931490044355
2024-08-11,Instagram,224.76,156,10,1163.29,1.4407692307692308,0.0641025641025641,5.175698522868838
2024-08-11,Tiktok,59.65,42,2,40.75,1.4202380952380953,0.047619047619047616,0.683151718357083
2024-08-11,Linkedin,190.58,125,9,604.66,1.52464,0.072,3.172735858956868
2024-08-11,Email,142.97,110,2,135.65,1.2997272727272726,0.01818181818181818,0.9488004476463594
2024-08-12,Google Ads,31.2,25,1,69.75,1.248,0.04,2.235576923076923
2024-08-12,Facebook,NaN,39,1,76.99,NaN,0.02564102564102564,NaN
2024-08-12,Instagram,65.91,60,3,114.79,1.0985,0.05,1.7416173570019726
2024-08-12,Tiktok,99.98,74,3,113.02,1.3510810810810812,0.04054054054054054,1.1304260852170434
2024-08-12,Linkedin,77.3,54,1,99.66,1.4314814814814814,0.018518518518518517,1.2892626131953429
2024-08-12,Email,159.38,118,3,359.76,1.3506779661016948,0.025423728813559324,2.257246831471954
2024-08-13,Google Ads,114.32,77,0,0.0,1.4846753246753246,0.0,0.0
2024-08-13,Facebook,NaN,91,1,34.92,NaN,0.01098901098901099,NaN
2024-08-13,Instagram,147.45,94,7,290.92,1.5686170212765955,0.07446808510638298,1.9730077992539847
2024-08-13,Tiktok,42.19,29,1,61.9,1.4548275862068965,0.034482758620689655,1.4671723157146244
2024-08-13,Linkedin,66.68,34,0,0.0,1.9611764705882355,0.0,0.0
2024-08-13,Email,92.38,55,1,57.8,1.6796363636363636,0.01818181818181818,0.6256765533665295
2024-08-14,Google Ads,60.92,36,2,57.59,1.6922222222222223,0.05555555555555555,0.9453381483913329
2024-08-14,Facebook,37.33,25,1,95.53,1.4931999999999999,0.04,2.5590677739083847
2024-08-14,Instagram,64.3,36,2,105.95,1.786111111111111,0.05555555555555555,1.6477449455676518
2024-08-14,Tiktok,65.91,59,1,35.51,1.1171186440677965,0.01694915254237288,0.5387649825519648
2024-08-14,Linkedin,107.29,70,3,104.11,1.5327142857142857,0.04285714285714286,0.970360704632305
2024-08-14,Email,91.07,54,1,110.65,1.6864814814814812,0.018518518518518517,1.21499945097178
2024-08-15,Google Ads,120.69,81,5,589.02,1.49,0.06172839506172839,4.88043748446433
2024-08-15,Facebook,124.94,92,3,280.4,1.3580434782608695,0.03260869565217391,2.244277253081479
2024-08-15,Instagram,27.8,8,0,0.0,3.475,0.0,0.0
2024-08-15,Tiktok,161.29,112,8,925.37,1.4400892857142857,0.07142857142857142,5.73730547461095
2024-08-15,Linkedin,NaN,94,5,212.74,NaN,0.05319148936170213,NaN
2024-08-15,Email,121.74,100,6,200.56,1.2174,0.06,1.6474453753901759
2024-08-16,Google Ads,42.86,21,0,0.0,2.040952380952381,0.0,0.0
2024-08-16,Facebook,182.34,128,8,563.62,1.42453125,0.0625,3.0910387188768236
2024-08-16,Instagram,115.24,86,4,401.01,1.3399999999999999,0.046511627906976744,3.479781325928497
2024-08-16,Tiktok,88.13,62,4,304.8,1.4214516129032257,0.06451612903225806,3.4585271757630776
2024-08-16,Linkedin,172.87,109,7,551.92,1.5859633027522937,0.06422018348623854,3.1926881471626074
2024-08-16,Email,204.19,129,2,218.38,1.5828682170542636,0.015503875968992248,1.0694940986336254
2024-08-17,Google Ads,229.59,166,6,529.58,1.3830722891566265,0.03614457831325301,2.3066335641796245
2024-08-17,Facebook,60.39,35,1,117.34,1.7254285714285715,0.02857142857142857,1.9430369266434842
2024-08-17,Instagram,264.06,176,5,354.98,1.500340909090909,0.028409090909090908,1.3443156858289784
2024-08-17,Tiktok,145.98,87,5,403.43,1.6779310344827585,0.05747126436781609,2.7635977531168656
2024-08-17,Linkedin,75.11,42,2,112.83,1.7883333333333333,0.047619047619047616,1.502196778058847
2024-08-17,Email,110.11,65,4,368.45,1.694,0.06153846153846154,3.3461992552901645
2024-08-18,Google Ads,NaN,52,1,74.87,NaN,0.019230769230769232,NaN
2024-08-18,Facebook,58.95,42,3,141.81,1.4035714285714287,0.07142857142857142,2.4055979643765903
2024-08-18,Instagram,78.11,49,3,274.07,1.5940816326530611,0.061224489795918366,3.5087696837792857
2024-08-18,Tiktok,190.13,129,5,579.12,1.473875968992248,0.03875968992248062,3.045915952243202
2024-08-18,Linkedin,36.77,35,0,0.0,1.0505714285714287,0.0,0.0
2024-08-18,Email,219.74,149,5,452.47,1.474765100671141,0.03355704697986577,2.059115318103213
2024-08-19,Google Ads,133.47,90,5,341.29,1.483,0.05555555555555555,2.5570540196298794
2024-08-19,Facebook,72.36,41,0,0.0,1.7648780487804878,0.0,0.0
2024-08-19,Instagram,NaN,98,3,136.71,NaN,0.030612244897959183,NaN
2024-08-19,Tiktok,97.69,82,1,35.06,1.1913414634146342,0.012195121951219513,0.35889036748899583
2024-08-19,Linkedin,179.34,125,4,461.35,1.43472,0.032,2.572488011598082
2024-08-19,Email,110.58,74,2,203.61,1.4943243243243243,0.02702702702702703,1.8412913727618017
2024-08-20,Google Ads,134.79,81,1,66.97,1.664074074074074,0.012345679012345678,0.49684694710290084
2024-08-20,Facebook,72.33,32,0,0.0,2.2603125,0.0,0.0
2024-08-20,Instagram,85.63,58,1,109.41,1.4763793103448275,0.017241379310344827,1.2777064113044494
2024-08-20,Tiktok,209.1,137,7,745.53,1.5262773722627736,0.051094890510948905,3.565423242467719
2024-08-20,Linkedin,62.9,37,1,111.18,1.7,0.02702702702702703,1.7675675675675677
2024-08-20,Email,56.13,39,1,117.94,1.4392307692307693,0.02564102564102564,2.1011936575806165
2024-08-21,Google Ads,120.89,94,3,116.61,1.286063829787234,0.031914893617021274,0.9645959136404996
2024-08-21,Facebook,107.01,50,0,0.0,2.1402,0.0,0.0
2024-08-21,Instagram,154.69,108,7,222.54,1.4323148148148148,0.06481481481481481,1.438619173831534
2024-08-21,Tiktok,195.08,142,1,116.27,1.3738028169014085,0.007042253521126761,0.5960118925568997
2024-08-21,Linkedin,60.75,34,0,0.0,1.786764705882353,0.0,0.0
2024-08-21,Email,102.05,84,5,366.31,1.2148809523809523,0.05952380952380952,3.5895149436550713
2024-08-22,Google Ads,66.81,47,2,149.97,1.4214893617021278,0.0425531914893617,2.244723843735968
2024-08-22,Facebook,70.33,39,1,44.86,1.8033333333333332,0.02564102564102564,0.6378501350774919
2024-08-22,Instagram,61.97,46,0,0.0,1.3471739130434783,0.0,0.0
2024-08-22,Tiktok,204.06,130,9,794.83,1.5696923076923077,0.06923076923076923,3.8950798784671177
2024-08-22,Linkedin,37.7,42,1,60.35,0.8976190476190476,0.023809523809523808,1.6007957559681696
2024-08-22,Email,125.46,74,3,325.53,1.6954054054054053,0.04054054054054054,2.5946915351506457
2024-08-23,Google Ads,NaN,63,2,174.15,NaN,0.031746031746031744,NaN
2024-08-23,Facebook,38.36,23,1,119.11,1.6678260869565218,0.043478260869565216,3.105057351407716
2024-08-23,Instagram,42.78,48,3,80.34,0.89125,0.0625,1.8779803646563815
2024-08-23,Tiktok,60.92,49,3,202.26,1.243265306122449,0.061224489795918366,3.320091923834537
2024-08-23,Linkedin,83.62,60,2,50.82,1.3936666666666668,0.03333333333333333,0.6077493422626166
2024-08-23,Email,185.42,136,6,649.52,1.3633823529411764,0.04411764705882353,3.50296623880919
2024-08-24,Google Ads,121.23,93,3,221.92,1.3035483870967743,0.03225806451612903,1.8305699909263382
2024-08-24,Facebook,45.78,33,1,25.69,1.3872727272727272,0.030303030303030304,0.5611620795107034
2024-08-24,Instagram,NaN,102,6,218.77,NaN,0.058823529411764705,NaN
2024-08-24,Tiktok,138.18,101,2,50.28,1.3681188118811882,0.019801980198019802,0.3638732088580113
2024-08-24,Linkedin,129.68,87,3,93.07,1.4905747126436781,0.034482758620689655,0.7176896977174583
2024-08-24,Email,243.13,177,8,841.19,1.3736158192090395,0.04519774011299435,3.459836301567063
2024-08-25,Google Ads,184.42,134,6,593.69,1.3762686567164177,0.04477611940298507,3.219227849474027
2024-08-25,Facebook,139.84,92,3,256.43,1.52,0.03260869565217391,1.8337385583524028
2024-08-25,Instagram,113.67,78,1,69.54,1.4573076923076924,0.01282051282051282,0.6117709158089206
2024-08-25,Tiktok,229.02,167,5,371.58,1.371377245508982,0.029940119760479042,1.6224783861671468
2024-08-25,Linkedin,93.25,66,1,104.83,1.4128787878787878,0.015151515151515152,1.1241823056300269
2024-08-25,Email,36.87,21,1,113.24,1.7557142857142856,0.047619047619047616,3.0713317059940333
2024-08-26,Google Ads,NaN,88,4,253.88,NaN,0.045454545454545456,NaN
2024-08-26,Facebook,NaN,138,4,143.0,NaN,0.028985507246376812,NaN
2024-08-26,Instagram,240.96,152,2,107.26,1.585263157894737,0.013157894736842105,0.44513612217795484
2024-08-26,Tiktok,63.89,49,3,274.29,1.3038775510204081,0.061224489795918366,4.293160118954453
2024-08-26,Linkedin,136.32,102,7,226.39,1.336470588235294,0.06862745098039216,1.660724765258216
2024-08-26,Email,166.21,117,5,407.45,1.4205982905982906,0.042735042735042736,2.451416882257385
2024-08-27,Google Ads,147.11,98,5,373.86,1.501122448979592,0.05102040816326531,2.541363605465298
2024-08-27,Facebook,82.36,52,2,179.74,1.583846153846154,0.038461538461538464,2.182370082564352
2024-08-27,Instagram,79.87,60,4,362.75,1.3311666666666668,0.06666666666666667,4.541755352447727
2024-08-27,Tiktok,80.8,57,1,50.8,1.4175438596491228,0.017543859649122806,0.6287128712871287
2024-08-27,Linkedin,110.76,78,1,92.95,1.4200000000000002,0.01282051282051282,0.8392018779342723
2024-08-27,Email,NaN,43,2,138.72,NaN,0.046511627906976744,NaN
