user_id,signup_date,plan,country,monthly_churn_prob,churn_month,arpu,churned
1,2024-03-03,Pro,Other,0.05,0,49,0
2,2024-01-29,Basic,Uk,0.08,11,19,1
3,2024-03-27,Pro,Usa,0.05,0,49,0
4,2024-02-10,Basic,Norway,0.08,0,19,0
5,2024-04-16,Basic,Sweden,0.08,8,19,1
6,2024-02-10,Basic,Usa,0.08,4,19,1
7,2024-02-12,Basic,Usa,0.08,4,19,1
8,2024-03-10,Basic,Sweden,0.08,0,19,0
9,2024-03-12,Basic,Usa,0.08,0,19,0
10,2024-02-19,Basic,Other,0.08,1,19,1
11,2024-01-26,Basic,Sweden,0.08,0,19,0
12,2024-01-30,Pro,Uk,0.05,0,49,0
13,2024-02-11,Basic,Other,0.08,4,19,1
14,2024-02-25,Basic,Uk,0.08,1,19,1
15,2024-03-28,Basic,Usa,0.08,0,19,0
16,2024-02-19,Basic,Germany,0.08,5,19,1
17,2024-03-14,Basic,Usa,0.08,2,19,1
18,2024-01-20,Basic,Usa,0.08,3,19,1
19,2024-03-25,Pro,Usa,0.05,0,49,0
20,2024-02-11,Pro,Uk,0.05,7,49,1
21,2024-05-07,Basic,Other,0.08,6,19,1
22,2024-02-04,Basic,Other,0.08,6,19,1
23,2024-04-30,Pro,Sweden,0.05,0,49,0
24,2024-03-26,Basic,Other,0.08,8,19,1
25,2024-06-15,Pro,Usa,0.05,9,49,1
26,2024-02-04,Pro,Usa,0.05,2,49,1
27,2024-03-30,Pro,Usa,0.05,0,49,0
28,2024-02-14,Pro,Germany,0.05,0,49,0
29,2024-01-26,Basic,Uk,0.08,2,19,1
30,2024-01-19,Pro,Uk,0.05,5,49,1
31,2024-03-12,Basic,Sweden,0.08,3,19,1
32,2024-02-05,Basic,Other,0.08,9,19,1
33,2024-03-05,Basic,Norway,0.08,0,19,0
34,2024-03-10,Pro,Other,0.05,0,49,0
35,2024-02-26,Basic,Usa,0.08,5,19,1
36,2024-01-13,Basic,Usa,0.08,8,19,1
37,2024-02-18,Pro,Other,0.05,1,49,1
38,2024-02-15,Basic,Uk,0.08,5,19,1
39,2024-01-22,Basic,Germany,0.08,0,19,0
40,2024-06-03,Basic,Norway,0.08,5,19,1
41,2024-01-27,Basic,Norway,0.08,2,19,1
42,2024-02-20,Basic,Usa,0.08,0,19,0
43,2024-02-16,Pro,Uk,0.05,0,49,0
44,2024-02-28,Basic,Norway,0.08,7,19,1
45,2024-02-19,Basic,Usa,0.08,1,19,1
46,2024-04-29,Basic,Uk,0.08,0,19,0
47,2024-01-16,Basic,Sweden,0.08,2,19,1
48,2024-01-26,Pro,Sweden,0.05,0,49,0
49,2024-02-21,Pro,Norway,0.05,0,49,0
50,2024-02-09,Pro,Other,0.05,0,49,0
51,2024-03-04,Basic,Uk,0.08,10,19,1
52,2024-01-28,Enterprise,Norway,0.03,0,199,0
53,2024-02-16,Enterprise,Uk,0.03,0,199,0
54,2024-05-04,Pro,Germany,0.05,0,49,0
55,2024-03-15,Basic,Sweden,0.08,4,19,1
56,2024-03-07,Pro,Other,0.05,0,49,0
57,2024-04-14,Basic,Usa,0.08,6,19,1
58,2024-01-03,Enterprise,Other,0.03,7,199,1
59,2024-01-23,Pro,Sweden,0.05,10,49,1
60,2024-01-11,Pro,Other,0.05,6,49,1
61,2024-02-26,Basic,Norway,0.08,3,19,1
62,2024-02-10,Pro,Sweden,0.05,1,49,1
63,2024-04-04,Pro,Sweden,0.05,0,49,0
64,2024-01-23,Pro,Sweden,0.05,11,49,1
65,2024-02-20,Basic,Other,0.08,5,19,1
66,2024-03-16,Basic,Norway,0.08,0,19,0
67,2024-02-17,Basic,Uk,0.08,0,19,0
68,2024-02-13,Basic,Usa,0.08,4,19,1
69,2024-03-21,Basic,Sweden,0.08,0,19,0
70,2024-02-18,Basic,Sweden,0.08,0,19,0
71,2024-02-06,Basic,Other,0.08,3,19,1
72,2024-02-21,Basic,Usa,0.08,5,19,1
73,2024-04-28,Pro,Norway,0.05,0,49,0
74,2024-04-07,Pro,Germany,0.05,0,49,0
75,2024-02-29,Basic,Norway,0.08,11,19,1
76,2024-01-31,Basic,Norway,0.08,0,19,0
77,2024-02-24,Basic,Norway,0.08,1,19,1
78,2024-01-09,Pro,Uk,0.05,9,49,1
79,2024-01-25,Pro,Germany,0.05,0,49,0
80,2024-03-06,Basic,Germany,0.08,0,19,0
81,2024-04-15,Pro,Norway,0.05,10,49,1
82,2024-02-29,Basic,Uk,0.08,0,19,0
83,2024-02-22,Basic,Usa,0.08,0,19,0
84,2024-04-12,Basic,Sweden,0.08,0,19,0
85,2024-01-27,Pro,Sweden,0.05,0,49,0
86,2024-04-21,Basic,Germany,0.08,1,19,1
87,2024-01-25,Basic,Germany,0.08,1,19,1
88,2024-01-20,Basic,Germany,0.08,6,19,1
89,2024-02-15,Pro,Usa,0.05,2,49,1
90,2024-02-08,Basic,Uk,0.08,2,19,1
91,2024-05-14,Pro,Other,0.05,8,49,1
92,2024-03-22,Pro,Other,0.05,1,49,1
93,2024-02-21,Basic,Usa,0.08,9,19,1
94,2024-02-07,Pro,Sweden,0.05,9,49,1
95,2024-07-11,Pro,Norway,0.05,7,49,1
96,2024-04-29,Basic,Norway,0.08,11,19,1
97,2024-04-14,Basic,Norway,0.08,10,19,1
98,2024-02-12,Pro,Usa,0.05,9,49,1
99,2024-03-16,Basic,Sweden,0.08,0,19,0
100,2024-02-04,Basic,Other,0.08,6,19,1
101,2024-01-18,Enterprise,Norway,0.03,5,199,1
102,2024-03-12,Basic,Germany,0.08,9,19,1
103,2024-02-27,Basic,Other,0.08,8,19,1
104,2024-03-30,Pro,Other,0.05,0,49,0
105,2024-04-05,Pro,Germany,0.05,12,49,1
106,2024-04-02,Basic,Norway,0.08,1,19,1
107,2024-02-27,Basic,Uk,0.08,3,19,1
108,2024-02-21,Pro,Sweden,0.05,0,49,0
109,2024-02-17,Pro,Sweden,0.05,6,49,1
110,2024-03-26,Basic,Germany,0.08,0,19,0
111,2024-02-21,Basic,Norway,0.08,3,19,1
112,2024-02-22,Pro,Germany,0.05,10,49,1
113,2024-03-11,Basic,Other,0.08,0,19,0
114,2024-02-24,Basic,Norway,0.08,12,19,1
115,2024-02-03,Basic,Germany,0.08,12,19,1
116,2024-01-18,Basic,Norway,0.08,8,19,1
117,2024-02-10,Pro,Uk,0.05,0,49,0
118,2024-03-06,Enterprise,Uk,0.03,12,199,1
119,2024-03-02,Pro,Norway,0.05,0,49,0
120,2024-02-29,Basic,Sweden,0.08,9,19,1
121,2024-04-22,Pro,Usa,0.05,4,49,1
122,2024-03-08,Basic,Uk,0.08,11,19,1
123,2024-02-11,Enterprise,Uk,0.03,0,199,0
124,2024-01-18,Basic,Germany,0.08,7,19,1
125,2024-03-18,Basic,Uk,0.08,0,19,0
126,2024-02-20,Enterprise,Norway,0.03,0,199,0
127,2024-02-18,Basic,Usa,0.08,1,19,1
128,2024-02-27,Pro,Uk,0.05,0,49,0
129,2024-01-11,Enterprise,Germany,0.03,0,199,0
130,2024-03-06,Basic,Norway,0.08,0,19,0
131,2024-02-21,Basic,Sweden,0.08,1,19,1
132,2024-03-04,Basic,Norway,0.08,3,19,1
133,2024-03-21,Pro,Sweden,0.05,0,49,0
134,2024-03-17,Basic,Norway,0.08,0,19,0
135,2024-03-28,Basic,Other,0.08,2,19,1
136,2024-04-18,Basic,Other,0.08,3,19,1
137,2024-04-23,Basic,Other,0.08,5,19,1
138,2024-02-21,Pro,Norway,0.05,8,49,1
139,2024-02-15,Basic,Sweden,0.08,0,19,0
140,2024-02-03,Enterprise,Sweden,0.03,5,199,1
141,2024-03-13,Pro,Norway,0.05,0,49,0
142,2024-02-20,Enterprise,Germany,0.03,0,199,0
143,2024-03-08,Basic,Uk,0.08,0,19,0
144,2024-01-29,Basic,Germany,0.08,11,19,1
145,2024-03-31,Basic,Other,0.08,1,19,1
146,2024-03-23,Basic,Uk,0.08,3,19,1
147,2024-01-23,Pro,Sweden,0.05,2,49,1
148,2024-03-09,Enterprise,Sweden,0.03,0,199,0
149,2024-02-07,Pro,Norway,0.05,0,49,0
150,2024-02-14,Basic,Usa,0.08,10,19,1
151,2024-01-13,Pro,Germany,0.05,8,49,1
152,2024-02-21,Basic,Uk,0.08,11,19,1
153,2024-03-11,Pro,Usa,0.05,5,49,1
154,2024-01-23,Basic,Usa,0.08,0,19,0
155,2024-01-24,Pro,Sweden,0.05,0,49,0
156,2024-01-15,Basic,Other,0.08,0,19,0
157,2024-03-11,Pro,Norway,0.05,0,49,0
158,2024-04-11,Basic,Germany,0.08,4,19,1
159,2024-03-13,Basic,Other,0.08,3,19,1
160,2024-01-29,Pro,Germany,0.05,3,49,1
161,2024-03-22,Basic,Usa,0.08,0,19,0
162,2024-02-26,Basic,Norway,0.08,0,19,0
163,2024-03-08,Pro,Other,0.05,0,49,0
164,2024-01-28,Basic,Sweden,0.08,6,19,1
165,2024-02-12,Basic,Other,0.08,9,19,1
166,2024-02-04,Pro,Uk,0.05,3,49,1
167,2024-03-14,Pro,Norway,0.05,0,49,0
168,2024-01-26,Basic,Sweden,0.08,6,19,1
169,2024-01-18,Pro,Sweden,0.05,4,49,1
170,2024-02-09,Basic,Norway,0.08,0,19,0
171,2024-03-27,Enterprise,Sweden,0.03,0,199,0
172,2024-04-07,Basic,Norway,0.08,9,19,1
173,2024-03-04,Basic,Sweden,0.08,0,19,0
174,2024-02-14,Pro,Germany,0.05,0,49,0
175,2024-02-16,Basic,Uk,0.08,0,19,0
176,2024-03-01,Basic,Sweden,0.08,0,19,0
177,2024-01-31,Basic,Norway,0.08,0,19,0
178,2024-02-16,Enterprise,Germany,0.03,0,199,0
179,2024-04-06,Basic,Norway,0.08,4,19,1
180,2024-02-03,Basic,Norway,0.08,1,19,1
181,2024-03-04,Pro,Norway,0.05,0,49,0
182,2024-02-11,Basic,Sweden,0.08,0,19,0
183,2024-01-16,Basic,Norway,0.08,0,19,0
184,2024-03-24,Pro,Norway,0.05,0,49,0
185,2024-02-13,Pro,Usa,0.05,8,49,1
186,2024-03-20,Pro,Uk,0.05,0,49,0
187,2024-04-04,Pro,Uk,0.05,0,49,0
188,2024-05-19,Enterprise,Uk,0.03,0,199,0
189,2024-03-19,Basic,Germany,0.08,4,19,1
190,2024-02-25,Basic,Uk,0.08,5,19,1
191,2024-01-26,Basic,Norway,0.08,0,19,0
192,2024-02-24,Pro,Sweden,0.05,9,49,1
193,2024-01-06,Basic,Sweden,0.08,0,19,0
194,2024-04-17,Basic,Norway,0.08,7,19,1
195,2024-02-24,Pro,Uk,0.05,0,49,0
196,2024-04-16,Enterprise,Germany,0.03,0,199,0
197,2024-06-12,Pro,Sweden,0.05,0,49,0
198,2024-03-16,Basic,Sweden,0.08,7,19,1
199,2024-04-02,Pro,Uk,0.05,0,49,0
200,2024-01-20,Pro,Norway,0.05,0,49,0
201,2024-02-26,Basic,Germany,0.08,0,19,0
202,2024-04-13,Basic,Other,0.08,0,19,0
203,2024-03-07,Basic,Usa,0.08,0,19,0
204,2024-03-11,Enterprise,Sweden,0.03,0,199,0
205,2024-02-07,Pro,Uk,0.05,0,49,0
206,2024-01-12,Basic,Usa,0.08,9,19,1
207,2024-04-19,Basic,Other,0.08,0,19,0
208,2024-03-11,Basic,Sweden,0.08,0,19,0
209,2024-04-15,Pro,Norway,0.05,4,49,1
210,2024-02-02,Pro,Germany,0.05,3,49,1
211,2024-04-26,Pro,Sweden,0.05,12,49,1
212,2024-02-26,Pro,Norway,0.05,0,49,0
213,2024-02-05,Pro,Germany,0.05,0,49,0
214,2024-01-13,Pro,Other,0.05,4,49,1
215,2024-02-25,Pro,Germany,0.05,3,49,1
216,2024-02-09,Basic,Uk,0.08,2,19,1
217,2024-03-19,Pro,Other,0.05,11,49,1
218,2024-02-13,Basic,Germany,0.08,10,19,1
219,2024-03-29,Pro,Sweden,0.05,0,49,0
220,2024-03-14,Pro,Other,0.05,0,49,0
221,2024-02-26,Basic,Usa,0.08,11,19,1
222,2024-02-07,Basic,Germany,0.08,0,19,0
223,2024-03-04,Pro,Other,0.05,11,49,1
224,2024-01-27,Basic,Sweden,0.08,0,19,0
225,2024-05-19,Basic,Usa,0.08,0,19,0
226,2024-04-05,Basic,Usa,0.08,0,19,0
227,2024-01-31,Pro,Sweden,0.05,3,49,1
228,2024-03-18,Pro,Germany,0.05,7,49,1
229,2024-02-18,Basic,Germany,0.08,9,19,1
230,2024-01-31,Basic,Usa,0.08,5,19,1
231,2024-02-14,Basic,Other,0.08,4,19,1
232,2024-01-29,Pro,Norway,0.05,8,49,1
233,2024-02-13,Basic,Uk,0.08,0,19,0
234,2024-04-25,Pro,Uk,0.05,0,49,0
235,2024-03-17,Pro,Sweden,0.05,0,49,0
236,2024-03-01,Basic,Uk,0.08,0,19,0
237,2024-02-09,Basic,Norway,0.08,0,19,0
238,2024-02-25,Basic,Sweden,0.08,4,19,1
239,2024-03-23,Pro,Norway,0.05,0,49,0
240,2024-01-25,Pro,Usa,0.05,12,49,1
241,2024-02-08,Pro,Sweden,0.05,0,49,0
242,2024-08-02,Basic,Germany,0.08,0,19,0
243,2024-04-04,Basic,Germany,0.08,5,19,1
244,2024-03-22,Enterprise,Sweden,0.03,0,199,0
245,2024-02-09,Basic,Norway,0.08,0,19,0
246,2024-03-29,Basic,Germany,0.08,9,19,1
247,2024-05-21,Basic,Germany,0.08,4,19,1
248,2024-02-24,Basic,Sweden,0.08,0,19,0
249,2024-02-19,Basic,Sweden,0.08,7,19,1
250,2024-02-10,Basic,Other,0.08,0,19,0
251,2024-02-28,Basic,Other,0.08,0,19,0
252,2024-03-09,Basic,Sweden,0.08,2,19,1
253,2024-02-08,Pro,Usa,0.05,0,49,0
254,2024-03-07,Basic,Usa,0.08,0,19,0
255,2024-03-31,Basic,Uk,0.08,2,19,1
256,2024-03-11,Basic,Other,0.08,1,19,1
257,2024-02-17,Basic,Usa,0.08,10,19,1
258,2024-01-14,Pro,Sweden,0.05,3,49,1
259,2024-04-09,Pro,Norway,0.05,6,49,1
260,2024-02-20,Basic,Sweden,0.08,3,19,1
261,2024-01-26,Basic,Sweden,0.08,6,19,1
262,2024-03-08,Basic,Norway,0.08,0,19,0
263,2024-02-25,Pro,Germany,0.05,7,49,1
264,2024-01-31,Basic,Uk,0.08,3,19,1
265,2024-01-15,Basic,Other,0.08,6,19,1
266,2024-01-31,Enterprise,Norway,0.03,7,199,1
267,2024-02-28,Basic,Usa,0.08,0,19,0
268,2024-02-07,Basic,Norway,0.08,9,19,1
269,2024-04-18,Basic,Uk,0.08,0,19,0
270,2024-01-21,Basic,Usa,0.08,11,19,1
271,2024-02-29,Pro,Germany,0.05,0,49,0
272,2024-04-22,Pro,Sweden,0.05,1,49,1
273,2024-04-15,Basic,Norway,0.08,0,19,0
274,2024-06-19,Pro,Usa,0.05,0,49,0
275,2024-03-08,Basic,Norway,0.08,3,19,1
276,2024-01-12,Basic,Usa,0.08,1,19,1
277,2024-03-07,Basic,Usa,0.08,0,19,0
278,2024-01-10,Basic,Usa,0.08,7,19,1
279,2024-01-21,Basic,Norway,0.08,0,19,0
280,2024-05-06,Basic,Uk,0.08,0,19,0
281,2024-02-29,Enterprise,Usa,0.03,5,199,1
282,2024-03-14,Basic,Sweden,0.08,0,19,0
283,2024-06-22,Pro,Usa,0.05,0,49,0
284,2024-03-01,Basic,Uk,0.08,12,19,1
285,2024-02-25,Pro,Usa,0.05,0,49,0
286,2024-01-29,Pro,Other,0.05,0,49,0
287,2024-02-14,Basic,Usa,0.08,2,19,1
288,2024-03-19,Basic,Other,0.08,0,19,0
289,2024-02-11,Pro,Uk,0.05,0,49,0
290,2024-03-17,Enterprise,Other,0.03,0,199,0
291,2024-02-22,Pro,Germany,0.05,0,49,0
292,2024-02-10,Basic,Norway,0.08,0,19,0
293,2024-02-09,Pro,Norway,0.05,2,49,1
294,2024-03-25,Basic,Sweden,0.08,6,19,1
295,2024-04-07,Pro,Norway,0.05,0,49,0
296,2024-03-23,Pro,Usa,0.05,0,49,0
297,2024-03-21,Basic,Norway,0.08,0,19,0
298,2024-02-17,Basic,Germany,0.08,12,19,1
299,2024-04-28,Pro,Other,0.05,0,49,0
300,2024-02-18,Basic,Other,0.08,4,19,1
301,2024-03-04,Enterprise,Other,0.03,0,199,0
302,2024-02-17,Pro,Uk,0.05,7,49,1
303,2024-04-05,Pro,Other,0.05,5,49,1
304,2024-03-20,Pro,Usa,0.05,0,49,0
305,2024-04-25,Basic,Sweden,0.08,5,19,1
306,2024-03-16,Basic,Uk,0.08,4,19,1
307,2024-03-09,Pro,Other,0.05,0,49,0
308,2024-03-07,Pro,Sweden,0.05,0,49,0
309,2024-02-18,Basic,Norway,0.08,3,19,1
310,2024-03-15,Pro,Other,0.05,10,49,1
311,2024-01-07,Pro,Germany,0.05,0,49,0
312,2024-02-10,Basic,Norway,0.08,0,19,0
313,2024-02-25,Pro,Norway,0.05,0,49,0
314,2024-01-25,Pro,Usa,0.05,8,49,1
315,2024-02-15,Basic,Other,0.08,0,19,0
316,2024-01-22,Pro,Usa,0.05,0,49,0
317,2024-01-21,Basic,Sweden,0.08,0,19,0
318,2024-01-25,Basic,Other,0.08,3,19,1
319,2024-02-20,Basic,Usa,0.08,1,19,1
320,2024-01-17,Basic,Norway,0.08,6,19,1
321,2024-04-16,Basic,Usa,0.08,1,19,1
322,2024-01-25,Basic,Usa,0.08,2,19,1
323,2024-05-05,Basic,Germany,0.08,4,19,1
324,2024-05-09,Basic,Sweden,0.08,5,19,1
325,2024-03-05,Basic,Usa,0.08,0,19,0
326,2024-03-21,Basic,Uk,0.08,0,19,0
327,2024-02-23,Pro,Sweden,0.05,0,49,0
328,2024-02-24,Basic,Norway,0.08,0,19,0
329,2024-03-19,Basic,Uk,0.08,0,19,0
330,2024-01-22,Basic,Norway,0.08,1,19,1
331,2024-03-13,Pro,Other,0.05,4,49,1
332,2024-03-07,Enterprise,Germany,0.03,0,199,0
333,2024-04-29,Basic,Norway,0.08,1,19,1
334,2024-04-06,Enterprise,Usa,0.03,0,199,0
335,2024-03-02,Basic,Germany,0.08,2,19,1
336,2024-03-31,Pro,Other,0.05,0,49,0
337,2024-04-10,Pro,Uk,0.05,3,49,1
338,2024-01-18,Basic,Usa,0.08,0,19,0
339,2024-02-05,Basic,Germany,0.08,3,19,1
340,2024-01-15,Basic,Other,0.08,0,19,0
341,2024-02-13,Pro,Sweden,0.05,0,49,0
342,2024-02-17,Basic,Other,0.08,0,19,0
343,2024-02-07,Basic,Germany,0.08,4,19,1
344,2024-03-01,Basic,Usa,0.08,0,19,0
345,2024-01-19,Basic,Other,0.08,0,19,0
346,2024-01-27,Pro,Other,0.05,11,49,1
347,2024-05-18,Pro,Uk,0.05,0,49,0
348,2024-01-23,Basic,Other,0.08,0,19,0
349,2024-04-03,Pro,Sweden,0.05,5,49,1
350,2024-02-16,Basic,Norway,0.08,1,19,1
351,2024-03-17,Pro,Sweden,0.05,0,49,0
352,2024-03-14,Basic,Sweden,0.08,3,19,1
353,2024-01-04,Pro,Norway,0.05,2,49,1
354,2024-02-14,Basic,Norway,0.08,5,19,1
355,2024-04-26,Basic,Sweden,0.08,0,19,0
356,2024-02-11,Basic,Germany,0.08,0,19,0
357,2024-02-19,Basic,Usa,0.08,0,19,0
358,2024-02-25,Pro,Sweden,0.05,10,49,1
359,2024-03-10,Pro,Germany,0.05,8,49,1
360,2024-03-03,Basic,Other,0.08,4,19,1
361,2024-03-11,Pro,Norway,0.05,0,49,0
362,2024-02-12,Pro,Germany,0.05,0,49,0
363,2024-02-25,Pro,Sweden,0.05,0,49,0
364,2024-01-29,Pro,Usa,0.05,8,49,1
365,2024-01-15,Basic,Usa,0.08,2,19,1
366,2024-05-04,Pro,Other,0.05,7,49,1
367,2024-02-15,Pro,Uk,0.05,4,49,1
368,2024-01-13,Basic,Usa,0.08,11,19,1
369,2024-03-26,Basic,Usa,0.08,0,19,0
370,2024-01-15,Basic,Sweden,0.08,7,19,1
371,2024-03-13,Basic,Norway,0.08,6,19,1
372,2024-02-26,Basic,Norway,0.08,0,19,0
373,2024-02-13,Pro,Other,0.05,6,49,1
374,2024-01-30,Pro,Sweden,0.05,10,49,1
375,2024-02-18,Basic,Uk,0.08,3,19,1
376,2024-05-25,Pro,Sweden,0.05,0,49,0
377,2024-03-06,Basic,Usa,0.08,7,19,1
378,2024-03-18,Pro,Other,0.05,0,49,0
379,2024-01-30,Basic,Germany,0.08,12,19,1
380,2024-04-07,Basic,Norway,0.08,0,19,0
381,2024-02-05,Basic,Uk,0.08,0,19,0
382,2024-02-21,Pro,Other,0.05,0,49,0
383,2024-03-10,Basic,Uk,0.08,0,19,0
384,2024-01-26,Basic,Germany,0.08,0,19,0
385,2024-02-12,Basic,Norway,0.08,0,19,0
386,2024-02-07,Basic,Germany,0.08,6,19,1
387,2024-03-18,Basic,Sweden,0.08,0,19,0
388,2024-03-14,Pro,Usa,0.05,0,49,0
389,2024-03-12,Pro,Uk,0.05,0,49,0
390,2024-02-04,Basic,Usa,0.08,0,19,0
391,2024-02-19,Basic,Germany,0.08,0,19,0
392,2024-01-31,Pro,Uk,0.05,3,49,1
393,2024-02-15,Basic,Norway,0.08,3,19,1
394,2024-02-23,Pro,Uk,0.05,0,49,0
395,2024-03-08,Basic,Germany,0.08,6,19,1
396,2024-02-12,Basic,Uk,0.08,12,19,1
397,2024-06-04,Basic,Norway,0.08,3,19,1
398,2024-02-01,Basic,Germany,0.08,0,19,0
399,2024-03-25,Pro,Other,0.05,7,49,1
400,2024-01-30,Basic,Usa,0.08,2,19,1
401,2024-02-02,Basic,Norway,0.08,0,19,0
402,2024-01-14,Basic,Germany,0.08,5,19,1
403,2024-05-14,Basic,Usa,0.08,6,19,1
404,2024-02-01,Pro,Usa,0.05,6,49,1
405,2024-02-15,Pro,Usa,0.05,9,49,1
406,2024-02-28,Basic,Norway,0.08,7,19,1
407,2024-01-23,Basic,Germany,0.08,4,19,1
408,2024-02-17,Pro,Norway,0.05,1,49,1
409,2024-04-01,Pro,Norway,0.05,6,49,1
410,2024-03-07,Pro,Norway,0.05,0,49,0
411,2024-01-28,Basic,Norway,0.08,5,19,1
412,2024-01-15,Basic,Sweden,0.08,5,19,1
413,2024-06-01,Pro,Germany,0.05,4,49,1
414,2024-02-18,Basic,Other,0.08,6,19,1
415,2024-02-06,Basic,Usa,0.08,0,19,0
416,2024-02-19,Enterprise,Usa,0.03,12,199,1
417,2024-02-18,Pro,Uk,0.05,0,49,0
418,2024-03-08,Pro,Uk,0.05,1,49,1
419,2024-02-25,Pro,Other,0.05,0,49,0
420,2024-02-09,Basic,Norway,0.08,1,19,1
421,2024-05-07,Pro,Norway,0.05,0,49,0
422,2024-01-20,Pro,Germany,0.05,0,49,0
423,2024-01-09,Pro,Usa,0.05,0,49,0
424,2024-01-17,Enterprise,Germany,0.03,0,199,0
425,2024-04-06,Enterprise,Usa,0.03,0,199,0
426,2024-01-13,Basic,Norway,0.08,0,19,0
427,2024-01-27,Basic,Sweden,0.08,0,19,0
428,2024-02-02,Pro,Uk,0.05,5,49,1
429,2024-02-14,Basic,Germany,0.08,0,19,0
430,2024-02-13,Pro,Sweden,0.05,4,49,1
431,2024-03-13,Pro,Usa,0.05,8,49,1
432,2024-04-01,Pro,Uk,0.05,1,49,1
433,2024-03-06,Basic,Usa,0.08,1,19,1
434,2024-03-29,Basic,Sweden,0.08,0,19,0
435,2024-01-27,Pro,Other,0.05,10,49,1
436,2024-01-18,Basic,Germany,0.08,0,19,0
437,2024-05-15,Pro,Other,0.05,0,49,0
438,2024-02-09,Pro,Sweden,0.05,9,49,1
439,2024-01-25,Basic,Norway,0.08,4,19,1
440,2024-01-31,Pro,Germany,0.05,0,49,0
441,2024-02-12,Enterprise,Sweden,0.03,0,199,0
442,2024-02-23,Basic,Uk,0.08,0,19,0
443,2024-02-18,Pro,Uk,0.05,0,49,0
444,2024-01-11,Pro,Uk,0.05,0,49,0
445,2024-04-01,Basic,Other,0.08,12,19,1
446,2024-02-23,Basic,Norway,0.08,2,19,1
447,2024-03-03,Basic,Norway,0.08,0,19,0
448,2024-01-22,Pro,Other,0.05,3,49,1
449,2024-05-17,Pro,Germany,0.05,0,49,0
450,2024-01-26,Basic,Sweden,0.08,5,19,1
451,2024-02-09,Basic,Usa,0.08,0,19,0
452,2024-02-26,Pro,Uk,0.05,0,49,0
453,2024-03-25,Pro,Usa,0.05,0,49,0
454,2024-03-06,Basic,Uk,0.08,3,19,1
455,2024-02-23,Basic,Uk,0.08,10,19,1
456,2024-02-06,Basic,Norway,0.08,10,19,1
457,2024-03-12,Pro,Other,0.05,9,49,1
458,2024-03-31,Basic,Sweden,0.08,2,19,1
459,2024-02-26,Basic,Usa,0.08,0,19,0
460,2024-02-08,Basic,Uk,0.08,4,19,1
461,2024-04-15,Basic,Other,0.08,1,19,1
462,2024-02-29,Basic,Uk,0.08,1,19,1
463,2024-02-09,Enterprise,Germany,0.03,3,199,1
464,2024-02-19,Pro,Norway,0.05,5,49,1
465,2024-02-09,Basic,Norway,0.08,8,19,1
466,2024-04-14,Basic,Uk,0.08,2,19,1
467,2024-02-12,Basic,Uk,0.08,4,19,1
468,2024-03-10,Basic,Norway,0.08,1,19,1
469,2024-01-21,Basic,Uk,0.08,1,19,1
470,2024-03-11,Pro,Uk,0.05,0,49,0
471,2024-03-05,Basic,Uk,0.08,0,19,0
472,2024-03-14,Basic,Usa,0.08,0,19,0
473,2024-05-05,Enterprise,Germany,0.03,0,199,0
474,2024-04-05,Pro,Other,0.05,0,49,0
475,2024-02-05,Pro,Other,0.05,8,49,1
476,2024-01-23,Basic,Germany,0.08,12,19,1
477,2024-01-26,Basic,Other,0.08,6,19,1
478,2024-04-06,Basic,Germany,0.08,0,19,0
479,2024-05-28,Pro,Sweden,0.05,0,49,0
480,2024-03-09,Basic,Other,0.08,0,19,0
481,2024-01-31,Basic,Norway,0.08,12,19,1
482,2024-04-06,Basic,Germany,0.08,0,19,0
483,2024-02-06,Pro,Other,0.05,6,49,1
484,2024-03-20,Pro,Sweden,0.05,2,49,1
485,2024-02-11,Pro,Germany,0.05,0,49,0
486,2024-03-18,Basic,Norway,0.08,8,19,1
487,2024-03-07,Enterprise,Other,0.03,0,199,0
488,2024-04-25,Basic,Norway,0.08,0,19,0
489,2024-04-30,Basic,Other,0.08,0,19,0
490,2024-02-04,Pro,Germany,0.05,2,49,1
491,2024-02-21,Pro,Germany,0.05,0,49,0
492,2024-03-17,Pro,Other,0.05,0,49,0
493,2024-01-29,Basic,Other,0.08,0,19,0
494,2024-03-17,Basic,Other,0.08,12,19,1
495,2024-06-01,Pro,Norway,0.05,11,49,1
496,2024-03-10,Basic,Usa,0.08,11,19,1
497,2024-01-25,Basic,Usa,0.08,0,19,0
498,2024-01-26,Pro,Uk,0.05,5,49,1
499,2024-03-23,Basic,Germany,0.08,2,19,1
500,2024-02-29,Pro,Usa,0.05,0,49,0
501,2024-02-08,Basic,Usa,0.08,6,19,1
502,2024-01-12,Basic,Sweden,0.08,0,19,0
503,2024-05-26,Basic,Uk,0.08,6,19,1
504,2024-05-14,Basic,Usa,0.08,0,19,0
505,2024-02-04,Enterprise,Norway,0.03,0,199,0
506,2024-03-23,Basic,Usa,0.08,6,19,1
507,2024-02-23,Basic,Norway,0.08,0,19,0
508,2024-02-28,Enterprise,Norway,0.03,3,199,1
509,2024-02-04,Basic,Sweden,0.08,8,19,1
510,2024-02-19,Basic,Norway,0.08,2,19,1
511,2024-01-31,Basic,Other,0.08,10,19,1
512,2024-02-16,Basic,Other,0.08,1,19,1
513,2024-02-01,Basic,Germany,0.08,0,19,0
514,2024-05-06,Basic,Sweden,0.08,10,19,1
515,2024-03-15,Pro,Usa,0.05,0,49,0
516,2024-02-23,Basic,Norway,0.08,2,19,1
517,2024-02-15,Basic,Germany,0.08,0,19,0
518,2024-04-14,Basic,Norway,0.08,5,19,1
519,2024-03-09,Basic,Sweden,0.08,4,19,1
520,2024-01-28,Basic,Other,0.08,0,19,0
521,2024-02-10,Basic,Usa,0.08,0,19,0
522,2024-04-20,Pro,Other,0.05,0,49,0
523,2024-02-17,Basic,Usa,0.08,6,19,1
524,2024-03-01,Basic,Sweden,0.08,0,19,0
525,2024-01-26,Basic,Uk,0.08,2,19,1
526,2024-03-06,Basic,Sweden,0.08,5,19,1
527,2024-03-27,Basic,Usa,0.08,6,19,1
528,2024-05-16,Basic,Germany,0.08,6,19,1
529,2024-01-22,Pro,Other,0.05,11,49,1
530,2024-02-19,Pro,Norway,0.05,2,49,1
531,2024-01-28,Pro,Germany,0.05,0,49,0
532,2024-01-20,Pro,Uk,0.05,5,49,1
533,2024-03-30,Basic,Germany,0.08,2,19,1
534,2024-03-15,Basic,Usa,0.08,6,19,1
535,2024-02-07,Pro,Uk,0.05,0,49,0
536,2024-05-12,Basic,Other,0.08,1,19,1
537,2024-03-17,Basic,Sweden,0.08,0,19,0
538,2024-01-12,Basic,Sweden,0.08,0,19,0
539,2024-02-04,Pro,Uk,0.05,0,49,0
540,2024-03-05,Basic,Germany,0.08,1,19,1
541,2024-02-22,Pro,Usa,0.05,0,49,0
542,2024-02-20,Pro,Germany,0.05,0,49,0
543,2024-02-28,Basic,Usa,0.08,5,19,1
544,2024-03-10,Pro,Sweden,0.05,0,49,0
545,2024-03-10,Basic,Uk,0.08,10,19,1
546,2024-02-18,Basic,Uk,0.08,2,19,1
547,2024-02-05,Basic,Norway,0.08,12,19,1
548,2024-01-25,Basic,Sweden,0.08,0,19,0
549,2024-04-07,Pro,Norway,0.05,0,49,0
550,2024-02-26,Basic,Usa,0.08,8,19,1
551,2024-01-19,Basic,Usa,0.08,6,19,1
552,2024-02-17,Basic,Usa,0.08,0,19,0
553,2024-04-03,Basic,Germany,0.08,11,19,1
554,2024-03-17,Basic,Usa,0.08,8,19,1
555,2024-05-06,Basic,Sweden,0.08,0,19,0
556,2024-02-11,Basic,Uk,0.08,2,19,1
557,2024-05-27,Pro,Sweden,0.05,0,49,0
558,2024-05-16,Basic,Germany,0.08,9,19,1
559,2024-05-07,Basic,Sweden,0.08,0,19,0
560,2024-02-24,Basic,Usa,0.08,8,19,1
561,2024-03-15,Basic,Norway,0.08,9,19,1
562,2024-02-11,Pro,Usa,0.05,0,49,0
563,2024-02-25,Basic,Other,0.08,0,19,0
564,2024-02-02,Basic,Sweden,0.08,0,19,0
565,2024-03-06,Enterprise,Other,0.03,1,199,1
566,2024-02-16,Pro,Sweden,0.05,1,49,1
567,2024-03-23,Basic,Usa,0.08,6,19,1
568,2024-03-04,Enterprise,Germany,0.03,0,199,0
569,2024-01-15,Basic,Other,0.08,1,19,1
570,2024-03-09,Pro,Uk,0.05,0,49,0
571,2024-02-14,Pro,Usa,0.05,11,49,1
572,2024-02-23,Pro,Uk,0.05,0,49,0
573,2024-02-16,Pro,Uk,0.05,0,49,0
574,2024-03-26,Pro,Uk,0.05,0,49,0
575,2024-01-19,Pro,Norway,0.05,0,49,0
576,2024-03-24,Basic,Germany,0.08,0,19,0
577,2024-07-04,Basic,Germany,0.08,0,19,0
578,2024-01-25,Pro,Usa,0.05,4,49,1
579,2024-04-28,Basic,Usa,0.08,4,19,1
580,2024-02-02,Basic,Uk,0.08,9,19,1
581,2024-02-22,Pro,Other,0.05,0,49,0
582,2024-03-27,Pro,Uk,0.05,0,49,0
583,2024-01-27,Pro,Other,0.05,4,49,1
584,2024-04-08,Pro,Sweden,0.05,0,49,0
585,2024-02-13,Basic,Other,0.08,0,19,0
586,2024-02-09,Basic,Uk,0.08,0,19,0
587,2024-02-17,Basic,Sweden,0.08,4,19,1
588,2024-01-12,Basic,Sweden,0.08,12,19,1
589,2024-02-24,Basic,Uk,0.08,0,19,0
590,2024-01-17,Basic,Germany,0.08,6,19,1
591,2024-01-28,Basic,Sweden,0.08,7,19,1
592,2024-02-24,Basic,Sweden,0.08,6,19,1
593,2024-02-28,Pro,Usa,0.05,0,49,0
594,2024-03-23,Pro,Other,0.05,0,49,0
595,2024-02-25,Pro,Sweden,0.05,6,49,1
596,2024-02-01,Basic,Germany,0.08,0,19,0
597,2024-02-22,Basic,Uk,0.08,1,19,1
598,2024-02-17,Basic,Other,0.08,1,19,1
599,2024-02-04,Pro,Usa,0.05,6,49,1
600,2024-05-21,Pro,Other,0.05,0,49,0
601,2024-04-24,Enterprise,Other,0.03,0,199,0
602,2024-01-22,Basic,Uk,0.08,3,19,1
603,2024-05-16,Basic,Other,0.08,0,19,0
604,2024-02-20,Basic,Germany,0.08,2,19,1
605,2024-02-21,Pro,Other,0.05,7,49,1
606,2024-01-23,Pro,Norway,0.05,0,49,0
607,2024-03-03,Basic,Norway,0.08,0,19,0
608,2024-02-03,Basic,Norway,0.08,10,19,1
609,2024-02-12,Pro,Usa,0.05,12,49,1
610,2024-01-21,Pro,Germany,0.05,0,49,0
611,2024-02-10,Basic,Sweden,0.08,0,19,0
612,2024-05-24,Pro,Usa,0.05,10,49,1
613,2024-03-15,Pro,Norway,0.05,8,49,1
614,2024-02-05,Basic,Germany,0.08,0,19,0
615,2024-03-04,Pro,Uk,0.05,0,49,0
616,2024-03-22,Basic,Germany,0.08,2,19,1
617,2024-02-11,Basic,Other,0.08,5,19,1
618,2024-01-28,Basic,Other,0.08,0,19,0
619,2024-01-25,Basic,Other,0.08,0,19,0
620,2024-01-23,Basic,Other,0.08,0,19,0
621,2024-06-10,Pro,Norway,0.05,0,49,0
622,2024-03-24,Pro,Usa,0.05,0,49,0
623,2024-03-17,Basic,Other,0.08,2,19,1
624,2024-04-12,Basic,Sweden,0.08,7,19,1
625,2024-01-23,Basic,Usa,0.08,0,19,0
626,2024-02-02,Pro,Sweden,0.05,0,49,0
627,2024-03-26,Basic,Sweden,0.08,6,19,1
628,2024-02-22,Pro,Sweden,0.05,0,49,0
629,2024-02-12,Basic,Norway,0.08,3,19,1
630,2024-05-06,Basic,Norway,0.08,8,19,1
631,2024-02-11,Pro,Usa,0.05,0,49,0
632,2024-05-10,Pro,Usa,0.05,7,49,1
633,2024-02-07,Pro,Uk,0.05,1,49,1
634,2024-03-13,Basic,Uk,0.08,2,19,1
635,2024-02-11,Pro,Norway,0.05,0,49,0
636,2024-03-02,Enterprise,Usa,0.03,0,199,0
637,2024-02-24,Basic,Other,0.08,0,19,0
638,2024-03-26,Pro,Uk,0.05,8,49,1
639,2024-04-01,Pro,Germany,0.05,1,49,1
640,2024-01-09,Basic,Usa,0.08,7,19,1
641,2024-03-01,Pro,Other,0.05,0,49,0
642,2024-03-18,Basic,Other,0.08,0,19,0
643,2024-02-27,Basic,Germany,0.08,4,19,1
644,2024-03-15,Basic,Uk,0.08,1,19,1
645,2024-01-24,Pro,Other,0.05,0,49,0
646,2024-02-23,Pro,Germany,0.05,3,49,1
647,2024-02-25,Pro,Other,0.05,0,49,0
648,2024-01-23,Pro,Uk,0.05,0,49,0
649,2024-01-29,Basic,Other,0.08,6,19,1
650,2024-03-03,Basic,Usa,0.08,10,19,1
651,2024-02-09,Pro,Uk,0.05,10,49,1
652,2024-03-04,Basic,Germany,0.08,0,19,0
653,2024-03-15,Pro,Other,0.05,0,49,0
654,2024-03-08,Pro,Norway,0.05,9,49,1
655,2024-01-21,Basic,Norway,0.08,8,19,1
656,2024-04-07,Pro,Germany,0.05,3,49,1
657,2024-06-17,Basic,Usa,0.08,9,19,1
658,2024-02-17,Pro,Uk,0.05,9,49,1
659,2024-03-16,Basic,Germany,0.08,4,19,1
660,2024-06-22,Basic,Usa,0.08,0,19,0
661,2024-01-17,Basic,Other,0.08,4,19,1
662,2024-02-09,Pro,Other,0.05,0,49,0
663,2024-03-01,Basic,Uk,0.08,9,19,1
664,2024-02-08,Basic,Usa,0.08,0,19,0
665,2024-02-06,Pro,Germany,0.05,5,49,1
666,2024-02-06,Basic,Usa,0.08,11,19,1
667,2024-03-05,Pro,Norway,0.05,0,49,0
668,2024-01-14,Basic,Other,0.08,0,19,0
669,2024-02-29,Basic,Germany,0.08,1,19,1
670,2024-03-16,Enterprise,Sweden,0.03,0,199,0
671,2024-04-15,Basic,Germany,0.08,6,19,1
672,2024-01-23,Basic,Other,0.08,0,19,0
673,2024-02-13,Basic,Norway,0.08,12,19,1
674,2024-02-01,Basic,Uk,0.08,10,19,1
675,2024-03-24,Basic,Other,0.08,8,19,1
676,2024-02-21,Basic,Sweden,0.08,4,19,1
677,2024-02-10,Pro,Uk,0.05,0,49,0
678,2024-03-14,Basic,Germany,0.08,10,19,1
679,2024-02-04,Basic,Germany,0.08,0,19,0
680,2024-01-19,Pro,Uk,0.05,0,49,0
681,2024-01-29,Basic,Sweden,0.08,7,19,1
682,2024-01-27,Basic,Norway,0.08,0,19,0
683,2024-04-03,Basic,Other,0.08,5,19,1
684,2024-01-31,Basic,Norway,0.08,8,19,1
685,2024-03-07,Basic,Uk,0.08,9,19,1
686,2024-03-01,Basic,Germany,0.08,0,19,0
687,2024-01-27,Basic,Germany,0.08,0,19,0
688,2024-02-15,Pro,Uk,0.05,8,49,1
689,2024-01-26,Basic,Norway,0.08,2,19,1
690,2024-05-03,Basic,Usa,0.08,0,19,0
691,2024-04-08,Basic,Other,0.08,8,19,1
692,2024-02-15,Pro,Other,0.05,0,49,0
693,2024-02-25,Basic,Uk,0.08,6,19,1
694,2024-04-02,Basic,Uk,0.08,3,19,1
695,2024-03-09,Basic,Germany,0.08,0,19,0
696,2024-01-18,Pro,Other,0.05,8,49,1
697,2024-01-21,Basic,Other,0.08,4,19,1
698,2024-03-15,Basic,Sweden,0.08,2,19,1
699,2024-02-26,Basic,Norway,0.08,0,19,0
700,2024-03-09,Basic,Usa,0.08,8,19,1
701,2024-04-08,Basic,Uk,0.08,8,19,1
702,2024-03-14,Pro,Other,0.05,0,49,0
703,2024-01-24,Basic,Germany,0.08,0,19,0
704,2024-03-01,Basic,Norway,0.08,0,19,0
705,2024-02-01,Enterprise,Other,0.03,3,199,1
706,2024-01-27,Basic,Germany,0.08,8,19,1
707,2024-01-30,Pro,Sweden,0.05,0,49,0
708,2024-02-06,Basic,Sweden,0.08,0,19,0
709,2024-01-21,Pro,Other,0.05,0,49,0
710,2024-03-13,Basic,Norway,0.08,2,19,1
711,2024-03-20,Enterprise,Uk,0.03,0,199,0
712,2024-03-19,Basic,Sweden,0.08,2,19,1
713,2024-01-26,Enterprise,Sweden,0.03,0,199,0
714,2024-04-02,Basic,Other,0.08,8,19,1
715,2024-01-30,Basic,Uk,0.08,0,19,0
716,2024-03-27,Pro,Uk,0.05,0,49,0
717,2024-02-26,Basic,Uk,0.08,5,19,1
718,2024-03-18,Basic,Germany,0.08,1,19,1
719,2024-02-04,Basic,Usa,0.08,0,19,0
720,2024-03-07,Basic,Germany,0.08,0,19,0
721,2024-03-18,Basic,Germany,0.08,12,19,1
722,2024-03-02,Pro,Sweden,0.05,0,49,0
723,2024-02-10,Basic,Norway,0.08,0,19,0
724,2024-02-23,Pro,Other,0.05,0,49,0
725,2024-02-16,Enterprise,Uk,0.03,0,199,0
726,2024-02-24,Basic,Usa,0.08,0,19,0
727,2024-02-20,Basic,Uk,0.08,12,19,1
728,2024-01-22,Pro,Sweden,0.05,8,49,1
729,2024-01-18,Pro,Norway,0.05,0,49,0
730,2024-04-04,Basic,Norway,0.08,10,19,1
731,2024-03-03,Pro,Other,0.05,0,49,0
732,2024-05-15,Basic,Other,0.08,11,19,1
733,2024-03-19,Pro,Usa,0.05,2,49,1
734,2024-04-18,Pro,Uk,0.05,0,49,0
735,2024-02-21,Pro,Norway,0.05,0,49,0
736,2024-02-29,Basic,Germany,0.08,0,19,0
737,2024-03-31,Pro,Germany,0.05,0,49,0
738,2024-05-13,Enterprise,Uk,0.03,6,199,1
739,2024-02-14,Basic,Germany,0.08,0,19,0
740,2024-01-29,Pro,Norway,0.05,2,49,1
741,2024-02-20,Pro,Norway,0.05,12,49,1
742,2024-01-21,Enterprise,Norway,0.03,2,199,1
743,2024-02-10,Basic,Germany,0.08,2,19,1
744,2024-02-16,Basic,Germany,0.08,5,19,1
745,2024-03-18,Basic,Other,0.08,1,19,1
746,2024-05-29,Basic,Sweden,0.08,0,19,0
747,2024-02-23,Pro,Usa,0.05,4,49,1
748,2024-03-27,Basic,Germany,0.08,9,19,1
749,2024-02-06,Pro,Usa,0.05,0,49,0
750,2024-04-25,Pro,Sweden,0.05,0,49,0
751,2024-03-12,Basic,Uk,0.08,3,19,1
752,2024-03-03,Pro,Sweden,0.05,0,49,0
753,2024-03-09,Basic,Usa,0.08,1,19,1
754,2024-01-25,Pro,Usa,0.05,0,49,0
755,2024-01-19,Pro,Sweden,0.05,2,49,1
756,2024-04-03,Pro,Norway,0.05,2,49,1
757,2024-03-04,Basic,Germany,0.08,0,19,0
758,2024-06-20,Basic,Other,0.08,5,19,1
759,2024-03-23,Basic,Other,0.08,3,19,1
760,2024-02-20,Pro,Usa,0.05,2,49,1
761,2024-03-02,Basic,Usa,0.08,0,19,0
762,2024-02-12,Enterprise,Norway,0.03,0,199,0
763,2024-03-13,Basic,Uk,0.08,6,19,1
764,2024-04-03,Basic,Uk,0.08,9,19,1
765,2024-01-23,Pro,Uk,0.05,6,49,1
766,2024-03-30,Basic,Uk,0.08,4,19,1
767,2024-03-12,Pro,Usa,0.05,10,49,1
768,2024-03-31,Basic,Other,0.08,3,19,1
769,2024-02-19,Basic,Uk,0.08,9,19,1
770,2024-02-01,Pro,Other,0.05,0,49,0
771,2024-05-05,Basic,Norway,0.08,11,19,1
772,2024-03-28,Pro,Norway,0.05,0,49,0
773,2024-05-18,Pro,Other,0.05,0,49,0
774,2024-01-12,Basic,Usa,0.08,4,19,1
775,2024-06-22,Pro,Uk,0.05,5,49,1
776,2024-03-17,Basic,Sweden,0.08,1,19,1
777,2024-05-12,Basic,Usa,0.08,7,19,1
778,2024-02-09,Basic,Germany,0.08,9,19,1
779,2024-03-02,Basic,Germany,0.08,9,19,1
780,2024-03-18,Basic,Uk,0.08,0,19,0
781,2024-01-14,Basic,Sweden,0.08,3,19,1
782,2024-04-07,Pro,Norway,0.05,12,49,1
783,2024-01-29,Basic,Sweden,0.08,0,19,0
784,2024-02-04,Basic,Other,0.08,0,19,0
785,2024-02-28,Basic,Norway,0.08,4,19,1
786,2024-02-07,Basic,Sweden,0.08,0,19,0
787,2024-01-04,Basic,Sweden,0.08,0,19,0
788,2024-01-18,Pro,Other,0.05,10,49,1
789,2024-01-28,Basic,Other,0.08,9,19,1
790,2024-02-06,Basic,Sweden,0.08,6,19,1
791,2024-04-10,Basic,Norway,0.08,7,19,1
792,2024-02-13,Basic,Uk,0.08,0,19,0
793,2024-02-22,Enterprise,Germany,0.03,0,199,0
794,2024-03-29,Basic,Usa,0.08,0,19,0
795,2024-01-21,Pro,Other,0.05,3,49,1
796,2024-02-11,Pro,Uk,0.05,8,49,1
797,2024-03-25,Basic,Germany,0.08,6,19,1
798,2024-01-19,Basic,Usa,0.08,6,19,1
799,2024-03-17,Basic,Other,0.08,1,19,1
800,2024-05-06,Basic,Usa,0.08,0,19,0
801,2024-06-16,Pro,Other,0.05,0,49,0
802,2024-05-21,Basic,Germany,0.08,3,19,1
803,2024-04-30,Pro,Other,0.05,0,49,0
804,2024-04-13,Pro,Usa,0.05,0,49,0
805,2024-05-06,Basic,Other,0.08,5,19,1
806,2024-07-17,Pro,Norway,0.05,0,49,0
807,2024-05-14,Pro,Norway,0.05,11,49,1
808,2024-01-27,Basic,Sweden,0.08,11,19,1
809,2024-02-21,Pro,Usa,0.05,0,49,0
810,2024-02-19,Basic,Sweden,0.08,0,19,0
811,2024-01-29,Basic,Uk,0.08,7,19,1
812,2024-02-15,Basic,Usa,0.08,3,19,1
813,2024-01-18,Basic,Germany,0.08,5,19,1
814,2024-05-12,Basic,Other,0.08,0,19,0
815,2024-04-01,Basic,Norway,0.08,0,19,0
816,2024-01-28,Enterprise,Uk,0.03,3,199,1
817,2024-04-27,Pro,Norway,0.05,0,49,0
818,2024-02-16,Basic,Uk,0.08,0,19,0
819,2024-03-15,Basic,Norway,0.08,1,19,1
820,2024-02-29,Basic,Germany,0.08,8,19,1
821,2024-01-08,Basic,Uk,0.08,0,19,0
822,2024-05-11,Basic,Sweden,0.08,0,19,0
823,2024-03-19,Basic,Germany,0.08,6,19,1
824,2024-02-03,Pro,Sweden,0.05,0,49,0
825,2024-02-16,Pro,Sweden,0.05,0,49,0
826,2024-02-21,Basic,Uk,0.08,5,19,1
827,2024-04-10,Pro,Uk,0.05,3,49,1
828,2024-03-27,Pro,Usa,0.05,2,49,1
829,2024-03-11,Basic,Uk,0.08,0,19,0
830,2024-02-20,Pro,Norway,0.05,5,49,1
831,2024-02-20,Basic,Usa,0.08,4,19,1
832,2024-03-31,Basic,Uk,0.08,0,19,0
833,2024-03-25,Basic,Usa,0.08,6,19,1
834,2024-02-24,Pro,Other,0.05,0,49,0
835,2024-01-13,Basic,Uk,0.08,0,19,0
836,2024-01-15,Pro,Sweden,0.05,11,49,1
837,2024-03-10,Basic,Usa,0.08,0,19,0
838,2024-03-22,Pro,Uk,0.05,0,49,0
839,2024-01-17,Pro,Uk,0.05,0,49,0
840,2024-04-26,Basic,Usa,0.08,0,19,0
841,2024-06-10,Basic,Other,0.08,0,19,0
842,2024-04-09,Basic,Uk,0.08,1,19,1
843,2024-02-08,Basic,Other,0.08,6,19,1
844,2024-04-03,Pro,Usa,0.05,6,49,1
845,2024-01-24,Basic,Sweden,0.08,4,19,1
846,2024-02-16,Pro,Usa,0.05,0,49,0
847,2024-03-18,Basic,Uk,0.08,11,19,1
848,2024-02-14,Basic,Sweden,0.08,2,19,1
849,2024-02-17,Pro,Norway,0.05,0,49,0
850,2024-03-16,Pro,Germany,0.05,9,49,1
851,2024-03-21,Pro,Usa,0.05,10,49,1
852,2024-03-15,Pro,Other,0.05,0,49,0
853,2024-02-09,Pro,Uk,0.05,0,49,0
854,2024-02-04,Pro,Other,0.05,7,49,1
855,2024-02-07,Pro,Germany,0.05,0,49,0
856,2024-02-18,Pro,Usa,0.05,9,49,1
857,2024-01-29,Basic,Uk,0.08,3,19,1
858,2024-03-08,Pro,Other,0.05,0,49,0
859,2024-02-07,Pro,Usa,0.05,0,49,0
860,2024-03-05,Basic,Other,0.08,0,19,0
861,2024-03-24,Basic,Sweden,0.08,7,19,1
862,2024-03-02,Basic,Sweden,0.08,0,19,0
863,2024-02-12,Basic,Sweden,0.08,0,19,0
864,2024-06-07,Basic,Other,0.08,0,19,0
865,2024-02-25,Basic,Sweden,0.08,3,19,1
866,2024-01-29,Basic,Norway,0.08,7,19,1
867,2024-03-04,Pro,Germany,0.05,1,49,1
868,2024-03-10,Basic,Germany,0.08,8,19,1
869,2024-03-09,Basic,Usa,0.08,7,19,1
870,2024-04-07,Pro,Usa,0.05,3,49,1
871,2024-03-19,Pro,Usa,0.05,0,49,0
872,2024-02-19,Pro,Usa,0.05,8,49,1
873,2024-04-21,Pro,Uk,0.05,3,49,1
874,2024-04-14,Enterprise,Germany,0.03,0,199,0
875,2024-02-27,Enterprise,Uk,0.03,11,199,1
876,2024-01-15,Basic,Other,0.08,0,19,0
877,2024-05-19,Basic,Norway,0.08,0,19,0
878,2024-02-10,Basic,Uk,0.08,2,19,1
879,2024-04-05,Basic,Uk,0.08,1,19,1
880,2024-02-18,Pro,Usa,0.05,0,49,0
881,2024-03-26,Basic,Uk,0.08,0,19,0
882,2024-02-23,Basic,Germany,0.08,4,19,1
883,2024-02-12,Pro,Other,0.05,0,49,0
884,2024-01-26,Basic,Other,0.08,9,19,1
885,2024-02-14,Pro,Sweden,0.05,11,49,1
886,2024-01-13,Pro,Sweden,0.05,9,49,1
887,2024-01-24,Pro,Other,0.05,1,49,1
888,2024-02-02,Basic,Norway,0.08,0,19,0
889,2024-01-28,Basic,Germany,0.08,4,19,1
890,2024-05-09,Pro,Norway,0.05,8,49,1
891,2024-03-03,Basic,Norway,0.08,1,19,1
892,2024-02-15,Pro,Other,0.05,2,49,1
893,2024-01-12,Basic,Usa,0.08,10,19,1
894,2024-01-13,Enterprise,Other,0.03,0,199,0
895,2024-02-09,Basic,Uk,0.08,11,19,1
896,2024-03-14,Pro,Uk,0.05,0,49,0
897,2024-01-28,Basic,Uk,0.08,4,19,1
898,2024-03-06,Pro,Sweden,0.05,9,49,1
899,2024-02-25,Basic,Usa,0.08,1,19,1
900,2024-04-24,Pro,Uk,0.05,7,49,1
901,2024-02-09,Pro,Norway,0.05,9,49,1
902,2024-03-19,Pro,Usa,0.05,0,49,0
903,2024-01-24,Basic,Uk,0.08,6,19,1
904,2024-02-06,Enterprise,Other,0.03,0,199,0
905,2024-06-18,Pro,Other,0.05,0,49,0
906,2024-04-03,Basic,Uk,0.08,1,19,1
907,2024-05-10,Pro,Sweden,0.05,0,49,0
908,2024-02-07,Basic,Norway,0.08,0,19,0
909,2024-03-19,Basic,Germany,0.08,3,19,1
910,2024-01-24,Pro,Germany,0.05,0,49,0
911,2024-02-24,Enterprise,Uk,0.03,8,199,1
912,2024-03-08,Basic,Uk,0.08,3,19,1
913,2024-01-31,Basic,Usa,0.08,9,19,1
914,2024-01-29,Basic,Sweden,0.08,1,19,1
915,2024-03-15,Pro,Other,0.05,0,49,0
916,2024-04-24,Basic,Germany,0.08,11,19,1
917,2024-04-22,Basic,Usa,0.08,3,19,1
918,2024-02-10,Basic,Germany,0.08,0,19,0
919,2024-02-20,Pro,Other,0.05,0,49,0
920,2024-03-30,Basic,Uk,0.08,1,19,1
921,2024-01-03,Basic,Germany,0.08,2,19,1
922,2024-03-21,Basic,Other,0.08,4,19,1
923,2024-06-03,Basic,Germany,0.08,1,19,1
924,2024-03-16,Basic,Other,0.08,7,19,1
925,2024-04-13,Basic,Usa,0.08,8,19,1
926,2024-05-04,Basic,Other,0.08,8,19,1
927,2024-04-22,Basic,Other,0.08,2,19,1
928,2024-05-13,Pro,Sweden,0.05,11,49,1
929,2024-02-17,Basic,Other,0.08,0,19,0
930,2024-01-17,Pro,Sweden,0.05,5,49,1
931,2024-03-13,Pro,Usa,0.05,0,49,0
932,2024-03-23,Basic,Uk,0.08,0,19,0
933,2024-05-15,Pro,Norway,0.05,0,49,0
934,2024-01-24,Pro,Norway,0.05,0,49,0
935,2024-04-06,Basic,Uk,0.08,2,19,1
936,2024-02-26,Enterprise,Sweden,0.03,0,199,0
937,2024-03-04,Basic,Germany,0.08,0,19,0
938,2024-05-25,Enterprise,Germany,0.03,0,199,0
939,2024-03-04,Pro,Other,0.05,2,49,1
940,2024-02-22,Enterprise,Other,0.03,4,199,1
941,2024-03-01,Basic,Germany,0.08,1,19,1
942,2024-01-26,Pro,Uk,0.05,0,49,0
943,2024-01-22,Basic,Uk,0.08,0,19,0
944,2024-01-22,Basic,Uk,0.08,0,19,0
945,2024-04-10,Pro,Uk,0.05,0,49,0
946,2024-03-05,Basic,Usa,0.08,1,19,1
947,2024-04-28,Basic,Norway,0.08,5,19,1
948,2024-03-01,Basic,Uk,0.08,0,19,0
949,2024-03-03,Pro,Usa,0.05,0,49,0
950,2024-03-12,Basic,Other,0.08,0,19,0
951,2024-03-17,Basic,Norway,0.08,5,19,1
952,2024-02-10,Pro,Sweden,0.05,3,49,1
953,2024-03-29,Basic,Sweden,0.08,2,19,1
954,2024-03-07,Basic,Uk,0.08,5,19,1
955,2024-03-21,Basic,Norway,0.08,0,19,0
956,2024-02-19,Basic,Germany,0.08,0,19,0
957,2024-03-17,Basic,Norway,0.08,1,19,1
958,2024-07-21,Pro,Uk,0.05,0,49,0
959,2024-01-26,Basic,Other,0.08,12,19,1
960,2024-03-24,Pro,Other,0.05,0,49,0
961,2024-01-14,Basic,Norway,0.08,10,19,1
962,2024-03-26,Basic,Sweden,0.08,4,19,1
963,2024-02-01,Basic,Germany,0.08,4,19,1
964,2024-03-10,Pro,Usa,0.05,7,49,1
965,2024-01-23,Pro,Other,0.05,7,49,1
966,2024-02-07,Pro,Norway,0.05,4,49,1
967,2024-03-10,Basic,Sweden,0.08,8,19,1
968,2024-03-28,Pro,Norway,0.05,2,49,1
969,2024-05-27,Basic,Uk,0.08,2,19,1
970,2024-03-01,Pro,Uk,0.05,0,49,0
971,2024-04-03,Pro,Usa,0.05,12,49,1
972,2024-05-14,Basic,Usa,0.08,9,19,1
973,2024-01-31,Basic,Other,0.08,1,19,1
974,2024-02-19,Pro,Sweden,0.05,4,49,1
975,2024-01-29,Basic,Germany,0.08,1,19,1
976,2024-02-26,Pro,Germany,0.05,12,49,1
977,2024-02-11,Basic,Germany,0.08,12,19,1
978,2024-01-30,Pro,Germany,0.05,0,49,0
979,2024-03-29,Basic,Other,0.08,0,19,0
980,2024-02-20,Basic,Sweden,0.08,2,19,1
981,2024-02-04,Pro,Other,0.05,0,49,0
982,2024-02-14,Pro,Other,0.05,0,49,0
983,2024-02-21,Pro,Other,0.05,10,49,1
984,2024-01-25,Pro,Sweden,0.05,4,49,1
985,2024-03-30,Basic,Sweden,0.08,6,19,1
986,2024-01-30,Pro,Other,0.05,0,49,0
987,2024-04-12,Pro,Norway,0.05,0,49,0
988,2024-04-17,Basic,Usa,0.08,3,19,1
989,2024-01-29,Basic,Sweden,0.08,3,19,1
990,2024-05-09,Pro,Sweden,0.05,0,49,0
991,2024-02-09,Pro,Uk,0.05,0,49,0
992,2024-01-20,Basic,Germany,0.08,3,19,1
993,2024-01-23,Pro,Other,0.05,6,49,1
994,2024-02-04,Pro,Usa,0.05,0,49,0
995,2024-01-30,Pro,Norway,0.05,0,49,0
996,2024-03-13,Basic,Other,0.08,4,19,1
997,2024-04-08,Basic,Sweden,0.08,10,19,1
998,2024-05-21,Basic,Germany,0.08,0,19,0
999,2024-03-12,Basic,Usa,0.08,9,19,1
1000,2024-03-07,Pro,Germany,0.05,0,49,0
1001,2024-02-26,Pro,Norway,0.05,0,49,0
1002,2024-02-14,Basic,Usa,0.08,0,19,0
1003,2024-01-25,Pro,Uk,0.05,0,49,0
1004,2024-03-23,Basic,Norway,0.08,0,19,0
1005,2024-03-02,Basic,Other,0.08,1,19,1
1006,2024-02-13,Enterprise,Norway,0.03,0,199,0
1007,2024-04-11,Pro,Uk,0.05,0,49,0
1008,2024-02-25,Basic,Sweden,0.08,3,19,1
1009,2024-03-02,Basic,Usa,0.08,0,19,0
1010,2024-03-07,Pro,Uk,0.05,0,49,0
1011,2024-03-05,Pro,Sweden,0.05,4,49,1
1012,2024-03-08,Basic,Uk,0.08,0,19,0
1013,2024-02-23,Basic,Norway,0.08,1,19,1
1014,2024-03-04,Basic,Usa,0.08,1,19,1
1015,2024-02-21,Pro,Usa,0.05,6,49,1
1016,2024-01-30,Basic,Germany,0.08,0,19,0
1017,2024-03-07,Basic,Other,0.08,3,19,1
1018,2024-01-30,Basic,Uk,0.08,6,19,1
1019,2024-03-20,Pro,Norway,0.05,0,49,0
1020,2024-02-03,Basic,Other,0.08,0,19,0
1021,2024-05-01,Enterprise,Sweden,0.03,12,199,1
1022,2024-02-14,Basic,Germany,0.08,1,19,1
1023,2024-02-01,Basic,Other,0.08,0,19,0
1024,2024-01-07,Basic,Norway,0.08,11,19,1
1025,2024-04-09,Pro,Uk,0.05,5,49,1
1026,2024-02-23,Pro,Sweden,0.05,0,49,0
1027,2024-02-05,Pro,Norway,0.05,0,49,0
1028,2024-03-12,Pro,Uk,0.05,12,49,1
1029,2024-03-14,Pro,Usa,0.05,7,49,1
1030,2024-03-23,Basic,Sweden,0.08,3,19,1
1031,2024-02-24,Basic,Sweden,0.08,2,19,1
1032,2024-02-18,Basic,Germany,0.08,8,19,1
1033,2024-05-23,Basic,Sweden,0.08,2,19,1
1034,2024-03-19,Pro,Other,0.05,0,49,0
1035,2024-01-13,Basic,Sweden,0.08,5,19,1
1036,2024-01-31,Pro,Germany,0.05,0,49,0
1037,2024-03-21,Basic,Other,0.08,10,19,1
1038,2024-03-29,Enterprise,Uk,0.03,2,199,1
1039,2024-04-16,Basic,Sweden,0.08,0,19,0
1040,2024-03-28,Pro,Germany,0.05,0,49,0
1041,2024-03-03,Pro,Norway,0.05,10,49,1
1042,2024-01-29,Basic,Other,0.08,2,19,1
1043,2024-03-08,Basic,Germany,0.08,1,19,1
1044,2024-01-30,Basic,Usa,0.08,0,19,0
1045,2024-01-31,Basic,Sweden,0.08,3,19,1
1046,2024-02-10,Pro,Norway,0.05,4,49,1
1047,2024-01-24,Basic,Sweden,0.08,11,19,1
1048,2024-02-15,Pro,Germany,0.05,2,49,1
1049,2024-02-06,Basic,Germany,0.08,0,19,0
1050,2024-03-17,Basic,Sweden,0.08,0,19,0
1051,2024-02-22,Basic,Sweden,0.08,0,19,0
1052,2024-01-16,Basic,Other,0.08,12,19,1
1053,2024-02-09,Basic,Uk,0.08,0,19,0
1054,2024-05-09,Pro,Other,0.05,0,49,0
1055,2024-01-19,Basic,Other,0.08,0,19,0
1056,2024-02-18,Pro,Uk,0.05,0,49,0
1057,2024-01-17,Enterprise,Germany,0.03,0,199,0
1058,2024-04-24,Basic,Norway,0.08,0,19,0
1059,2024-02-02,Pro,Other,0.05,6,49,1
1060,2024-03-12,Basic,Usa,0.08,7,19,1
1061,2024-01-12,Pro,Other,0.05,6,49,1
1062,2024-02-25,Basic,Other,0.08,3,19,1
1063,2024-02-09,Basic,Germany,0.08,11,19,1
1064,2024-01-18,Pro,Usa,0.05,1,49,1
1065,2024-01-17,Enterprise,Germany,0.03,6,199,1
1066,2024-03-02,Basic,Uk,0.08,1,19,1
1067,2024-02-13,Basic,Other,0.08,0,19,0
1068,2024-03-17,Pro,Sweden,0.05,0,49,0
1069,2024-04-16,Basic,Sweden,0.08,0,19,0
1070,2024-02-27,Basic,Uk,0.08,0,19,0
1071,2024-04-07,Pro,Uk,0.05,0,49,0
1072,2024-02-10,Pro,Usa,0.05,0,49,0
1073,2024-02-10,Enterprise,Uk,0.03,0,199,0
1074,2024-04-10,Pro,Norway,0.05,0,49,0
1075,2024-04-19,Basic,Other,0.08,11,19,1
1076,2024-01-28,Basic,Uk,0.08,0,19,0
1077,2024-03-12,Pro,Norway,0.05,1,49,1
1078,2024-01-24,Basic,Sweden,0.08,12,19,1
1079,2024-03-09,Basic,Uk,0.08,10,19,1
1080,2024-03-20,Basic,Germany,0.08,4,19,1
1081,2024-03-08,Pro,Germany,0.05,0,49,0
1082,2024-01-20,Pro,Uk,0.05,6,49,1
1083,2024-03-13,Basic,Sweden,0.08,1,19,1
1084,2024-02-25,Enterprise,Norway,0.03,0,199,0
1085,2024-02-20,Pro,Sweden,0.05,0,49,0
1086,2024-02-25,Basic,Usa,0.08,1,19,1
1087,2024-03-06,Pro,Uk,0.05,0,49,0
1088,2024-02-14,Pro,Sweden,0.05,8,49,1
1089,2024-03-02,Pro,Norway,0.05,0,49,0
1090,2024-04-25,Basic,Germany,0.08,1,19,1
1091,2024-03-24,Pro,Norway,0.05,0,49,0
1092,2024-01-15,Pro,Germany,0.05,2,49,1
1093,2024-01-25,Pro,Sweden,0.05,6,49,1
1094,2024-03-01,Basic,Sweden,0.08,0,19,0
1095,2024-03-10,Pro,Germany,0.05,10,49,1
1096,2024-02-20,Basic,Sweden,0.08,1,19,1
1097,2024-02-04,Pro,Germany,0.05,1,49,1
1098,2024-04-17,Basic,Usa,0.08,2,19,1
1099,2024-02-07,Basic,Germany,0.08,2,19,1
1100,2024-03-04,Basic,Germany,0.08,6,19,1
1101,2024-02-02,Basic,Other,0.08,6,19,1
1102,2024-02-12,Enterprise,Sweden,0.03,0,199,0
1103,2024-01-13,Basic,Norway,0.08,6,19,1
1104,2024-03-02,Pro,Germany,0.05,7,49,1
1105,2024-01-11,Basic,Uk,0.08,0,19,0
1106,2024-03-04,Basic,Sweden,0.08,10,19,1
1107,2024-04-02,Enterprise,Other,0.03,0,199,0
1108,2024-02-26,Basic,Other,0.08,0,19,0
1109,2024-05-21,Basic,Uk,0.08,0,19,0
1110,2024-01-25,Basic,Other,0.08,1,19,1
1111,2024-01-21,Pro,Germany,0.05,0,49,0
1112,2024-02-29,Pro,Sweden,0.05,0,49,0
1113,2024-02-25,Basic,Germany,0.08,6,19,1
1114,2024-01-26,Pro,Norway,0.05,4,49,1
1115,2024-02-19,Pro,Germany,0.05,0,49,0
1116,2024-02-05,Basic,Sweden,0.08,8,19,1
1117,2024-02-07,Basic,Norway,0.08,0,19,0
1118,2024-02-19,Basic,Norway,0.08,0,19,0
1119,2024-04-01,Basic,Norway,0.08,5,19,1
1120,2024-03-01,Basic,Usa,0.08,8,19,1
1121,2024-03-04,Pro,Germany,0.05,0,49,0
1122,2024-02-13,Enterprise,Usa,0.03,0,199,0
1123,2024-01-20,Enterprise,Norway,0.03,0,199,0
1124,2024-02-07,Basic,Usa,0.08,0,19,0
1125,2024-01-12,Basic,Usa,0.08,5,19,1
1126,2024-03-05,Pro,Uk,0.05,4,49,1
1127,2024-01-23,Pro,Germany,0.05,11,49,1
1128,2024-02-28,Basic,Sweden,0.08,0,19,0
1129,2024-02-24,Pro,Other,0.05,1,49,1
1130,2024-03-12,Pro,Germany,0.05,0,49,0
1131,2024-01-29,Basic,Uk,0.08,0,19,0
1132,2024-03-04,Basic,Usa,0.08,1,19,1
1133,2024-02-05,Basic,Norway,0.08,3,19,1
1134,2024-03-08,Basic,Sweden,0.08,0,19,0
1135,2024-03-10,Basic,Uk,0.08,1,19,1
1136,2024-02-24,Basic,Sweden,0.08,2,19,1
1137,2024-03-24,Basic,Usa,0.08,12,19,1
1138,2024-04-09,Pro,Other,0.05,12,49,1
1139,2024-02-20,Pro,Germany,0.05,0,49,0
1140,2024-02-14,Pro,Germany,0.05,3,49,1
1141,2024-04-16,Pro,Other,0.05,8,49,1
1142,2024-01-12,Pro,Uk,0.05,8,49,1
1143,2024-01-31,Pro,Usa,0.05,0,49,0
1144,2024-02-17,Pro,Germany,0.05,7,49,1
1145,2024-02-08,Pro,Other,0.05,0,49,0
1146,2024-02-03,Pro,Usa,0.05,6,49,1
1147,2024-04-01,Pro,Usa,0.05,5,49,1
1148,2024-02-16,Pro,Norway,0.05,0,49,0
1149,2024-02-01,Pro,Sweden,0.05,0,49,0
1150,2024-03-16,Basic,Norway,0.08,0,19,0
1151,2024-01-24,Basic,Sweden,0.08,0,19,0
1152,2024-02-06,Basic,Uk,0.08,0,19,0
1153,2024-03-05,Basic,Sweden,0.08,7,19,1
1154,2024-02-19,Basic,Norway,0.08,0,19,0
1155,2024-03-31,Basic,Germany,0.08,0,19,0
1156,2024-03-04,Basic,Usa,0.08,6,19,1
1157,2024-05-28,Pro,Other,0.05,5,49,1
1158,2024-02-16,Basic,Uk,0.08,0,19,0
1159,2024-02-24,Pro,Other,0.05,3,49,1
1160,2024-01-29,Pro,Norway,0.05,0,49,0
1161,2024-01-27,Basic,Usa,0.08,1,19,1
1162,2024-03-25,Basic,Sweden,0.08,0,19,0
1163,2024-04-18,Pro,Germany,0.05,0,49,0
1164,2024-03-02,Pro,Sweden,0.05,0,49,0
1165,2024-04-01,Basic,Usa,0.08,0,19,0
1166,2024-02-13,Basic,Other,0.08,12,19,1
1167,2024-02-07,Basic,Sweden,0.08,10,19,1
1168,2024-03-04,Basic,Other,0.08,7,19,1
1169,2024-04-10,Basic,Other,0.08,4,19,1
1170,2024-04-08,Basic,Other,0.08,5,19,1
1171,2024-02-03,Basic,Germany,0.08,5,19,1
1172,2024-02-25,Pro,Uk,0.05,5,49,1
1173,2024-02-15,Pro,Sweden,0.05,0,49,0
1174,2024-02-10,Basic,Norway,0.08,3,19,1
1175,2024-04-03,Basic,Other,0.08,2,19,1
1176,2024-02-15,Basic,Uk,0.08,11,19,1
1177,2024-04-04,Pro,Other,0.05,0,49,0
1178,2024-03-18,Basic,Other,0.08,6,19,1
1179,2024-02-11,Pro,Uk,0.05,0,49,0
1180,2024-02-06,Basic,Usa,0.08,0,19,0
1181,2024-02-02,Pro,Other,0.05,7,49,1
1182,2024-04-12,Pro,Usa,0.05,2,49,1
1183,2024-02-22,Enterprise,Sweden,0.03,0,199,0
1184,2024-04-01,Basic,Norway,0.08,11,19,1
1185,2024-03-10,Pro,Other,0.05,0,49,0
1186,2024-02-08,Basic,Germany,0.08,0,19,0
1187,2024-02-28,Basic,Uk,0.08,1,19,1
1188,2024-02-12,Basic,Norway,0.08,2,19,1
1189,2024-04-21,Pro,Usa,0.05,3,49,1
1190,2024-01-26,Pro,Uk,0.05,1,49,1
1191,2024-03-18,Enterprise,Usa,0.03,10,199,1
1192,2024-06-28,Pro,Germany,0.05,0,49,0
1193,2024-02-27,Basic,Other,0.08,2,19,1
1194,2024-04-17,Pro,Usa,0.05,5,49,1
1195,2024-01-21,Basic,Sweden,0.08,0,19,0
1196,2024-01-23,Basic,Germany,0.08,0,19,0
1197,2024-03-25,Basic,Other,0.08,0,19,0
1198,2024-04-21,Basic,Usa,0.08,3,19,1
1199,2024-02-28,Basic,Germany,0.08,5,19,1
1200,2024-01-27,Pro,Usa,0.05,9,49,1
1201,2024-04-08,Basic,Usa,0.08,2,19,1
1202,2024-02-03,Basic,Usa,0.08,12,19,1
1203,2024-02-24,Basic,Germany,0.08,6,19,1
1204,2024-01-30,Basic,Other,0.08,3,19,1
1205,2024-02-13,Basic,Uk,0.08,0,19,0
1206,2024-04-15,Basic,Uk,0.08,0,19,0
1207,2024-02-07,Basic,Sweden,0.08,2,19,1
1208,2024-04-03,Basic,Norway,0.08,2,19,1
1209,2024-03-21,Basic,Uk,0.08,4,19,1
1210,2024-04-13,Pro,Other,0.05,0,49,0
1211,2024-03-09,Basic,Usa,0.08,5,19,1
1212,2024-03-10,Basic,Other,0.08,2,19,1
1213,2024-02-28,Pro,Uk,0.05,1,49,1
1214,2024-02-03,Basic,Sweden,0.08,1,19,1
1215,2024-01-04,Pro,Sweden,0.05,0,49,0
1216,2024-03-21,Basic,Uk,0.08,2,19,1
1217,2024-02-06,Pro,Germany,0.05,0,49,0
1218,2024-02-03,Pro,Sweden,0.05,5,49,1
1219,2024-02-09,Basic,Sweden,0.08,0,19,0
1220,2024-04-19,Pro,Sweden,0.05,2,49,1
1221,2024-03-29,Pro,Sweden,0.05,0,49,0
1222,2024-01-20,Basic,Uk,0.08,2,19,1
1223,2024-05-30,Basic,Uk,0.08,8,19,1
1224,2024-05-03,Basic,Sweden,0.08,0,19,0
1225,2024-03-22,Basic,Sweden,0.08,0,19,0
1226,2024-01-06,Basic,Other,0.08,0,19,0
1227,2024-01-20,Pro,Germany,0.05,1,49,1
1228,2024-05-03,Basic,Germany,0.08,9,19,1
1229,2024-03-15,Pro,Usa,0.05,0,49,0
1230,2024-04-17,Basic,Sweden,0.08,4,19,1
1231,2024-02-15,Pro,Sweden,0.05,9,49,1
1232,2024-03-13,Basic,Usa,0.08,5,19,1
1233,2024-01-22,Basic,Usa,0.08,3,19,1
1234,2024-02-23,Enterprise,Usa,0.03,0,199,0
1235,2024-03-23,Basic,Sweden,0.08,4,19,1
1236,2024-02-03,Basic,Germany,0.08,0,19,0
1237,2024-02-20,Basic,Sweden,0.08,1,19,1
1238,2024-02-16,Pro,Usa,0.05,5,49,1
1239,2024-03-10,Basic,Uk,0.08,0,19,0
1240,2024-03-04,Basic,Sweden,0.08,0,19,0
1241,2024-02-22,Basic,Sweden,0.08,0,19,0
1242,2024-03-21,Basic,Usa,0.08,7,19,1
1243,2024-01-20,Basic,Other,0.08,4,19,1
1244,2024-02-09,Pro,Uk,0.05,0,49,0
1245,2024-02-22,Basic,Uk,0.08,0,19,0
1246,2024-01-21,Pro,Usa,0.05,0,49,0
1247,2024-02-11,Basic,Other,0.08,2,19,1
1248,2024-02-04,Basic,Sweden,0.08,0,19,0
1249,2024-02-19,Enterprise,Germany,0.03,0,199,0
1250,2024-05-12,Basic,Germany,0.08,5,19,1
1251,2024-03-18,Pro,Other,0.05,0,49,0
1252,2024-02-26,Pro,Germany,0.05,0,49,0
1253,2024-04-15,Pro,Other,0.05,2,49,1
1254,2024-02-22,Basic,Other,0.08,0,19,0
1255,2024-02-04,Basic,Germany,0.08,11,19,1
1256,2024-03-16,Basic,Sweden,0.08,0,19,0
1257,2024-01-23,Pro,Uk,0.05,7,49,1
1258,2024-02-20,Pro,Usa,0.05,4,49,1
1259,2024-01-19,Pro,Sweden,0.05,8,49,1
1260,2024-03-08,Pro,Other,0.05,0,49,0
1261,2024-01-14,Basic,Sweden,0.08,1,19,1
1262,2024-02-16,Pro,Sweden,0.05,10,49,1
1263,2024-05-24,Pro,Germany,0.05,0,49,0
1264,2024-01-26,Pro,Usa,0.05,1,49,1
1265,2024-02-20,Basic,Sweden,0.08,2,19,1
1266,2024-03-17,Pro,Other,0.05,1,49,1
1267,2024-04-19,Basic,Norway,0.08,0,19,0
1268,2024-02-04,Pro,Other,0.05,7,49,1
1269,2024-01-27,Basic,Sweden,0.08,12,19,1
1270,2024-01-25,Basic,Other,0.08,0,19,0
1271,2024-02-12,Basic,Other,0.08,12,19,1
1272,2024-02-20,Enterprise,Other,0.03,0,199,0
1273,2024-02-08,Pro,Germany,0.05,5,49,1
1274,2024-03-28,Basic,Norway,0.08,0,19,0
1275,2024-03-15,Basic,Uk,0.08,5,19,1
1276,2024-02-13,Basic,Usa,0.08,1,19,1
1277,2024-02-10,Pro,Other,0.05,3,49,1
1278,2024-02-29,Basic,Uk,0.08,3,19,1
1279,2024-01-30,Pro,Usa,0.05,1,49,1
1280,2024-02-05,Basic,Usa,0.08,0,19,0
1281,2024-01-24,Basic,Uk,0.08,8,19,1
1282,2024-01-25,Basic,Uk,0.08,3,19,1
1283,2024-03-02,Pro,Other,0.05,0,49,0
1284,2024-04-22,Basic,Germany,0.08,0,19,0
1285,2024-02-29,Basic,Germany,0.08,0,19,0
1286,2024-03-12,Pro,Norway,0.05,12,49,1
1287,2024-02-15,Basic,Usa,0.08,3,19,1
1288,2024-01-08,Pro,Norway,0.05,0,49,0
1289,2024-05-19,Basic,Other,0.08,7,19,1
1290,2024-03-12,Enterprise,Sweden,0.03,8,199,1
1291,2024-01-27,Pro,Usa,0.05,3,49,1
1292,2024-01-20,Basic,Norway,0.08,3,19,1
1293,2024-02-04,Basic,Other,0.08,0,19,0
1294,2024-02-13,Basic,Sweden,0.08,0,19,0
1295,2024-05-04,Basic,Sweden,0.08,8,19,1
1296,2024-03-23,Basic,Norway,0.08,0,19,0
1297,2024-02-08,Basic,Sweden,0.08,9,19,1
1298,2024-04-22,Basic,Norway,0.08,11,19,1
1299,2024-02-16,Pro,Norway,0.05,0,49,0
1300,2024-02-18,Basic,Sweden,0.08,0,19,0
1301,2024-01-21,Basic,Germany,0.08,12,19,1
1302,2024-02-06,Basic,Usa,0.08,0,19,0
1303,2024-02-05,Basic,Usa,0.08,3,19,1
1304,2024-03-23,Pro,Norway,0.05,0,49,0
1305,2024-02-26,Pro,Usa,0.05,0,49,0
1306,2024-02-24,Basic,Other,0.08,5,19,1
1307,2024-03-12,Basic,Uk,0.08,5,19,1
1308,2024-01-30,Basic,Usa,0.08,0,19,0
1309,2024-03-08,Basic,Other,0.08,3,19,1
1310,2024-02-18,Basic,Norway,0.08,0,19,0
1311,2024-04-26,Basic,Germany,0.08,2,19,1
1312,2024-04-02,Basic,Usa,0.08,4,19,1
1313,2024-03-17,Pro,Germany,0.05,7,49,1
1314,2024-02-25,Pro,Uk,0.05,0,49,0
1315,2024-04-12,Basic,Usa,0.08,5,19,1
1316,2024-03-25,Basic,Uk,0.08,0,19,0
1317,2024-01-29,Pro,Germany,0.05,0,49,0
1318,2024-02-17,Basic,Germany,0.08,9,19,1
1319,2024-02-08,Pro,Sweden,0.05,12,49,1
1320,2024-03-17,Basic,Germany,0.08,0,19,0
1321,2024-02-12,Pro,Sweden,0.05,0,49,0
1322,2024-02-07,Basic,Norway,0.08,0,19,0
1323,2024-03-25,Pro,Uk,0.05,0,49,0
1324,2024-03-28,Pro,Uk,0.05,0,49,0
1325,2024-04-12,Pro,Germany,0.05,0,49,0
1326,2024-06-28,Basic,Usa,0.08,8,19,1
1327,2024-01-29,Pro,Sweden,0.05,6,49,1
1328,2024-02-23,Basic,Sweden,0.08,5,19,1
1329,2024-01-19,Basic,Other,0.08,6,19,1
1330,2024-02-13,Pro,Sweden,0.05,0,49,0
1331,2024-02-17,Basic,Sweden,0.08,2,19,1
1332,2024-01-19,Pro,Other,0.05,2,49,1
1333,2024-02-21,Basic,Uk,0.08,3,19,1
1334,2024-01-20,Basic,Germany,0.08,0,19,0
1335,2024-03-21,Basic,Usa,0.08,7,19,1
1336,2024-02-17,Basic,Norway,0.08,1,19,1
1337,2024-04-01,Pro,Norway,0.05,0,49,0
1338,2024-03-07,Pro,Norway,0.05,2,49,1
1339,2024-03-02,Enterprise,Usa,0.03,0,199,0
1340,2024-02-12,Pro,Other,0.05,0,49,0
1341,2024-02-02,Pro,Usa,0.05,1,49,1
1342,2024-01-27,Basic,Germany,0.08,6,19,1
1343,2024-02-18,Basic,Other,0.08,10,19,1
1344,2024-03-16,Enterprise,Usa,0.03,0,199,0
1345,2024-02-26,Pro,Sweden,0.05,0,49,0
1346,2024-01-26,Pro,Sweden,0.05,3,49,1
1347,2024-03-24,Pro,Sweden,0.05,11,49,1
1348,2024-03-31,Pro,Other,0.05,2,49,1
1349,2024-01-22,Basic,Other,0.08,2,19,1
1350,2024-02-24,Pro,Other,0.05,3,49,1
1351,2024-03-23,Basic,Sweden,0.08,0,19,0
1352,2024-02-17,Basic,Usa,0.08,6,19,1
1353,2024-04-02,Basic,Germany,0.08,8,19,1
1354,2024-03-17,Basic,Sweden,0.08,0,19,0
1355,2024-03-12,Basic,Sweden,0.08,0,19,0
1356,2024-03-08,Basic,Usa,0.08,0,19,0
1357,2024-03-07,Basic,Other,0.08,4,19,1
1358,2024-04-02,Basic,Uk,0.08,0,19,0
1359,2024-02-20,Basic,Sweden,0.08,8,19,1
1360,2024-04-11,Enterprise,Uk,0.03,0,199,0
1361,2024-05-09,Enterprise,Sweden,0.03,0,199,0
1362,2024-02-01,Pro,Other,0.05,7,49,1
1363,2024-02-09,Pro,Sweden,0.05,2,49,1
1364,2024-03-26,Pro,Other,0.05,0,49,0
1365,2024-05-02,Basic,Norway,0.08,0,19,0
1366,2024-04-21,Pro,Norway,0.05,0,49,0
1367,2024-02-18,Basic,Sweden,0.08,8,19,1
1368,2024-05-19,Pro,Usa,0.05,0,49,0
1369,2024-04-19,Basic,Uk,0.08,4,19,1
1370,2024-02-04,Basic,Norway,0.08,2,19,1
1371,2024-04-17,Enterprise,Germany,0.03,0,199,0
1372,2024-04-03,Basic,Norway,0.08,0,19,0
1373,2024-01-07,Pro,Sweden,0.05,9,49,1
1374,2024-02-03,Basic,Uk,0.08,10,19,1
1375,2024-02-21,Enterprise,Usa,0.03,0,199,0
1376,2024-02-08,Basic,Usa,0.08,0,19,0
1377,2024-04-04,Pro,Usa,0.05,0,49,0
1378,2024-04-17,Pro,Norway,0.05,1,49,1
1379,2024-04-28,Pro,Other,0.05,0,49,0
1380,2024-01-28,Basic,Other,0.08,0,19,0
1381,2024-01-21,Pro,Usa,0.05,4,49,1
1382,2024-02-17,Basic,Germany,0.08,0,19,0
1383,2024-04-24,Basic,Other,0.08,3,19,1
1384,2024-01-18,Basic,Usa,0.08,0,19,0
1385,2024-02-11,Basic,Usa,0.08,6,19,1
1386,2024-02-22,Enterprise,Norway,0.03,0,199,0
1387,2024-03-13,Basic,Other,0.08,12,19,1
1388,2024-01-21,Basic,Uk,0.08,0,19,0
1389,2024-03-10,Basic,Sweden,0.08,3,19,1
1390,2024-03-25,Basic,Uk,0.08,9,19,1
1391,2024-02-17,Basic,Uk,0.08,0,19,0
1392,2024-03-02,Pro,Other,0.05,0,49,0
1393,2024-03-10,Basic,Germany,0.08,0,19,0
1394,2024-02-04,Basic,Usa,0.08,0,19,0
1395,2024-01-26,Basic,Other,0.08,6,19,1
1396,2024-03-05,Basic,Norway,0.08,0,19,0
1397,2024-02-15,Basic,Germany,0.08,0,19,0
1398,2024-01-30,Pro,Other,0.05,0,49,0
1399,2024-05-05,Pro,Sweden,0.05,1,49,1
1400,2024-02-16,Basic,Uk,0.08,0,19,0
1401,2024-04-07,Basic,Uk,0.08,5,19,1
1402,2024-01-27,Basic,Norway,0.08,1,19,1
1403,2024-02-18,Pro,Sweden,0.05,0,49,0
1404,2024-01-14,Basic,Germany,0.08,0,19,0
1405,2024-05-08,Enterprise,Norway,0.03,8,199,1
1406,2024-04-17,Pro,Usa,0.05,4,49,1
1407,2024-03-23,Enterprise,Usa,0.03,0,199,0
1408,2024-02-26,Pro,Norway,0.05,2,49,1
1409,2024-02-23,Basic,Sweden,0.08,7,19,1
1410,2024-02-13,Basic,Sweden,0.08,2,19,1
1411,2024-03-09,Basic,Uk,0.08,0,19,0
1412,2024-01-20,Basic,Germany,0.08,0,19,0
1413,2024-02-01,Pro,Germany,0.05,0,49,0
1414,2024-04-30,Basic,Sweden,0.08,0,19,0
1415,2024-02-11,Basic,Norway,0.08,7,19,1
1416,2024-03-05,Basic,Germany,0.08,0,19,0
1417,2024-01-28,Basic,Germany,0.08,2,19,1
1418,2024-04-22,Pro,Sweden,0.05,0,49,0
1419,2024-03-07,Basic,Usa,0.08,0,19,0
1420,2024-03-04,Basic,Norway,0.08,4,19,1
1421,2024-02-04,Pro,Other,0.05,5,49,1
1422,2024-03-21,Basic,Germany,0.08,0,19,0
1423,2024-03-21,Basic,Other,0.08,7,19,1
1424,2024-04-16,Basic,Sweden,0.08,11,19,1
1425,2024-01-25,Basic,Other,0.08,1,19,1
1426,2024-02-04,Pro,Germany,0.05,0,49,0
1427,2024-01-23,Basic,Uk,0.08,7,19,1
1428,2024-03-21,Basic,Norway,0.08,2,19,1
1429,2024-02-23,Pro,Germany,0.05,0,49,0
1430,2024-03-30,Basic,Sweden,0.08,7,19,1
1431,2024-03-12,Pro,Germany,0.05,0,49,0
1432,2024-03-04,Pro,Uk,0.05,1,49,1
1433,2024-03-20,Basic,Sweden,0.08,0,19,0
1434,2024-02-05,Pro,Sweden,0.05,3,49,1
1435,2024-01-30,Basic,Other,0.08,0,19,0
1436,2024-02-03,Enterprise,Germany,0.03,1,199,1
1437,2024-03-28,Pro,Norway,0.05,0,49,0
1438,2024-03-28,Basic,Germany,0.08,8,19,1
1439,2024-02-09,Pro,Sweden,0.05,10,49,1
1440,2024-04-06,Pro,Norway,0.05,0,49,0
1441,2024-02-14,Pro,Uk,0.05,0,49,0
1442,2024-05-04,Basic,Germany,0.08,0,19,0
1443,2024-03-04,Basic,Sweden,0.08,10,19,1
1444,2024-01-27,Pro,Sweden,0.05,0,49,0
1445,2024-01-30,Pro,Sweden,0.05,0,49,0
1446,2024-01-28,Pro,Usa,0.05,0,49,0
1447,2024-04-11,Basic,Usa,0.08,6,19,1
1448,2024-01-28,Basic,Sweden,0.08,4,19,1
1449,2024-02-01,Pro,Other,0.05,8,49,1
1450,2024-02-02,Basic,Other,0.08,8,19,1
1451,2024-02-06,Basic,Usa,0.08,0,19,0
1452,2024-05-21,Basic,Other,0.08,0,19,0
1453,2024-02-12,Basic,Norway,0.08,0,19,0
1454,2024-03-20,Basic,Sweden,0.08,0,19,0
1455,2024-05-14,Basic,Norway,0.08,1,19,1
1456,2024-03-25,Basic,Other,0.08,7,19,1
1457,2024-06-12,Pro,Norway,0.05,1,49,1
1458,2024-02-09,Basic,Norway,0.08,1,19,1
1459,2024-02-13,Pro,Sweden,0.05,6,49,1
1460,2024-02-05,Basic,Usa,0.08,2,19,1
1461,2024-04-15,Pro,Usa,0.05,10,49,1
1462,2024-01-10,Pro,Germany,0.05,4,49,1
1463,2024-02-15,Enterprise,Uk,0.03,0,199,0
1464,2024-02-28,Pro,Germany,0.05,10,49,1
1465,2024-01-16,Pro,Usa,0.05,0,49,0
1466,2024-04-24,Basic,Uk,0.08,4,19,1
1467,2024-02-10,Basic,Usa,0.08,1,19,1
1468,2024-03-12,Pro,Other,0.05,5,49,1
1469,2024-02-01,Basic,Other,0.08,0,19,0
1470,2024-04-05,Basic,Norway,0.08,0,19,0
1471,2024-03-05,Basic,Sweden,0.08,0,19,0
1472,2024-04-05,Pro,Other,0.05,0,49,0
1473,2024-05-14,Basic,Germany,0.08,6,19,1
1474,2024-03-16,Basic,Uk,0.08,2,19,1
1475,2024-02-02,Basic,Other,0.08,1,19,1
1476,2024-01-31,Basic,Norway,0.08,2,19,1
1477,2024-01-18,Enterprise,Usa,0.03,0,199,0
1478,2024-03-08,Pro,Usa,0.05,6,49,1
1479,2024-01-31,Basic,Other,0.08,0,19,0
1480,2024-03-23,Basic,Usa,0.08,10,19,1
1481,2024-01-27,Basic,Uk,0.08,1,19,1
1482,2024-01-23,Pro,Usa,0.05,1,49,1
1483,2024-04-15,Basic,Norway,0.08,9,19,1
1484,2024-03-27,Pro,Germany,0.05,12,49,1
1485,2024-02-21,Basic,Usa,0.08,0,19,0
1486,2024-04-28,Basic,Sweden,0.08,9,19,1
1487,2024-02-11,Basic,Usa,0.08,0,19,0
1488,2024-02-27,Pro,Uk,0.05,4,49,1
1489,2024-03-21,Basic,Germany,0.08,9,19,1
1490,2024-04-20,Pro,Other,0.05,0,49,0
1491,2024-03-18,Pro,Germany,0.05,5,49,1
1492,2024-02-23,Pro,Sweden,0.05,0,49,0
1493,2024-03-20,Basic,Norway,0.08,0,19,0
1494,2024-01-31,Pro,Other,0.05,0,49,0
1495,2024-02-19,Basic,Sweden,0.08,0,19,0
1496,2024-03-19,Basic,Uk,0.08,0,19,0
1497,2024-04-01,Basic,Other,0.08,2,19,1
1498,2024-01-19,Basic,Sweden,0.08,12,19,1
1499,2024-02-04,Basic,Norway,0.08,4,19,1
1500,2024-02-10,Enterprise,Other,0.03,3,199,1
1501,2024-04-05,Basic,Usa,0.08,0,19,0
1502,2024-03-14,Basic,Norway,0.08,8,19,1
1503,2024-01-30,Pro,Germany,0.05,0,49,0
1504,2024-03-09,Basic,Uk,0.08,8,19,1
1505,2024-02-08,Basic,Norway,0.08,11,19,1
1506,2024-04-23,Basic,Germany,0.08,0,19,0
1507,2024-02-21,Basic,Germany,0.08,0,19,0
1508,2024-02-18,Basic,Sweden,0.08,6,19,1
1509,2024-01-28,Pro,Other,0.05,0,49,0
1510,2024-02-26,Pro,Other,0.05,1,49,1
1511,2024-02-05,Pro,Uk,0.05,10,49,1
1512,2024-03-02,Basic,Germany,0.08,8,19,1
1513,2024-01-10,Basic,Usa,0.08,0,19,0
1514,2024-02-25,Basic,Sweden,0.08,1,19,1
1515,2024-04-06,Basic,Sweden,0.08,11,19,1
1516,2024-05-26,Enterprise,Germany,0.03,7,199,1
1517,2024-02-15,Pro,Usa,0.05,0,49,0
1518,2024-03-10,Pro,Sweden,0.05,0,49,0
1519,2024-01-26,Pro,Germany,0.05,3,49,1
1520,2024-01-14,Basic,Usa,0.08,0,19,0
1521,2024-03-03,Basic,Norway,0.08,0,19,0
1522,2024-03-13,Pro,Usa,0.05,10,49,1
1523,2024-03-27,Pro,Germany,0.05,0,49,0
1524,2024-02-17,Basic,Norway,0.08,0,19,0
1525,2024-08-03,Pro,Germany,0.05,0,49,0
1526,2024-01-30,Pro,Norway,0.05,0,49,0
1527,2024-02-20,Basic,Germany,0.08,0,19,0
1528,2024-02-14,Basic,Other,0.08,8,19,1
1529,2024-02-22,Basic,Usa,0.08,0,19,0
1530,2024-03-06,Basic,Norway,0.08,0,19,0
1531,2024-02-24,Pro,Germany,0.05,0,49,0
1532,2024-04-02,Pro,Norway,0.05,0,49,0
1533,2024-02-23,Basic,Usa,0.08,0,19,0
1534,2024-01-31,Basic,Norway,0.08,4,19,1
1535,2024-04-13,Basic,Norway,0.08,0,19,0
1536,2024-02-02,Basic,Norway,0.08,0,19,0
1537,2024-03-23,Basic,Usa,0.08,0,19,0
1538,2024-04-19,Pro,Other,0.05,4,49,1
1539,2024-03-23,Pro,Uk,0.05,0,49,0
1540,2024-02-01,Basic,Usa,0.08,0,19,0
1541,2024-02-15,Pro,Other,0.05,0,49,0
1542,2024-02-18,Basic,Norway,0.08,11,19,1
1543,2024-02-23,Basic,Uk,0.08,1,19,1
1544,2024-01-18,Basic,Uk,0.08,0,19,0
1545,2024-04-28,Pro,Sweden,0.05,0,49,0
1546,2024-02-04,Pro,Other,0.05,0,49,0
1547,2024-03-24,Basic,Germany,0.08,0,19,0
1548,2024-02-24,Pro,Usa,0.05,0,49,0
1549,2024-01-19,Pro,Other,0.05,0,49,0
1550,2024-01-22,Basic,Sweden,0.08,7,19,1
1551,2024-03-01,Basic,Usa,0.08,2,19,1
1552,2024-01-21,Pro,Norway,0.05,0,49,0
1553,2024-04-07,Enterprise,Sweden,0.03,0,199,0
1554,2024-01-31,Basic,Uk,0.08,11,19,1
1555,2024-01-23,Pro,Other,0.05,0,49,0
1556,2024-01-05,Pro,Uk,0.05,0,49,0
1557,2024-02-04,Basic,Other,0.08,0,19,0
1558,2024-03-25,Pro,Germany,0.05,0,49,0
1559,2024-03-19,Pro,Uk,0.05,9,49,1
1560,2024-03-09,Basic,Sweden,0.08,8,19,1
1561,2024-04-16,Basic,Uk,0.08,1,19,1
1562,2024-02-24,Basic,Norway,0.08,8,19,1
1563,2024-02-25,Basic,Uk,0.08,4,19,1
1564,2024-07-03,Basic,Other,0.08,0,19,0
1565,2024-02-13,Basic,Usa,0.08,12,19,1
1566,2024-03-21,Pro,Usa,0.05,1,49,1
1567,2024-01-28,Basic,Sweden,0.08,0,19,0
1568,2024-01-21,Basic,Norway,0.08,1,19,1
1569,2024-02-01,Pro,Uk,0.05,2,49,1
1570,2024-02-09,Enterprise,Germany,0.03,0,199,0
1571,2024-02-26,Basic,Germany,0.08,0,19,0
1572,2024-03-04,Basic,Other,0.08,3,19,1
1573,2024-06-27,Pro,Uk,0.05,4,49,1
1574,2024-03-10,Basic,Norway,0.08,0,19,0
1575,2024-02-14,Pro,Uk,0.05,0,49,0
1576,2024-02-01,Basic,Uk,0.08,6,19,1
1577,2024-02-01,Pro,Norway,0.05,7,49,1
1578,2024-03-09,Pro,Usa,0.05,5,49,1
1579,2024-02-08,Basic,Uk,0.08,9,19,1
1580,2024-02-06,Pro,Other,0.05,0,49,0
1581,2024-04-21,Pro,Uk,0.05,0,49,0
1582,2024-02-03,Basic,Germany,0.08,4,19,1
1583,2024-02-28,Basic,Germany,0.08,0,19,0
1584,2024-02-07,Pro,Norway,0.05,0,49,0
1585,2024-05-06,Pro,Usa,0.05,0,49,0
1586,2024-01-17,Basic,Norway,0.08,0,19,0
1587,2024-07-18,Basic,Usa,0.08,8,19,1
1588,2024-02-09,Enterprise,Sweden,0.03,0,199,0
1589,2024-02-01,Basic,Germany,0.08,7,19,1
1590,2024-03-18,Pro,Uk,0.05,0,49,0
1591,2024-03-14,Basic,Norway,0.08,0,19,0
1592,2024-01-12,Basic,Sweden,0.08,0,19,0
1593,2024-04-21,Basic,Usa,0.08,0,19,0
1594,2024-03-23,Pro,Germany,0.05,3,49,1
1595,2024-02-07,Basic,Usa,0.08,6,19,1
1596,2024-02-11,Pro,Sweden,0.05,5,49,1
1597,2024-02-07,Basic,Other,0.08,3,19,1
1598,2024-05-27,Basic,Germany,0.08,3,19,1
1599,2024-07-07,Basic,Germany,0.08,0,19,0
1600,2024-01-25,Basic,Norway,0.08,0,19,0
1601,2024-01-14,Pro,Germany,0.05,0,49,0
1602,2024-01-21,Pro,Usa,0.05,0,49,0
1603,2024-01-18,Basic,Germany,0.08,0,19,0
1604,2024-02-23,Basic,Sweden,0.08,4,19,1
1605,2024-04-04,Basic,Germany,0.08,0,19,0
1606,2024-03-17,Enterprise,Usa,0.03,0,199,0
1607,2024-03-01,Pro,Germany,0.05,0,49,0
1608,2024-04-14,Basic,Sweden,0.08,0,19,0
1609,2024-06-27,Pro,Germany,0.05,0,49,0
1610,2024-01-28,Basic,Other,0.08,7,19,1
1611,2024-04-06,Basic,Norway,0.08,0,19,0
1612,2024-02-15,Basic,Norway,0.08,0,19,0
1613,2024-01-22,Basic,Germany,0.08,1,19,1
1614,2024-02-08,Basic,Uk,0.08,11,19,1
1615,2024-04-16,Basic,Uk,0.08,10,19,1
1616,2024-02-05,Basic,Norway,0.08,0,19,0
1617,2024-03-03,Basic,Sweden,0.08,9,19,1
1618,2024-01-30,Basic,Germany,0.08,8,19,1
1619,2024-03-17,Pro,Norway,0.05,0,49,0
1620,2024-02-22,Basic,Germany,0.08,2,19,1
1621,2024-01-14,Enterprise,Norway,0.03,0,199,0
1622,2024-03-18,Enterprise,Sweden,0.03,11,199,1
1623,2024-03-12,Enterprise,Sweden,0.03,0,199,0
1624,2024-04-01,Basic,Uk,0.08,0,19,0
1625,2024-02-15,Basic,Norway,0.08,1,19,1
1626,2024-06-01,Basic,Norway,0.08,1,19,1
1627,2024-01-27,Pro,Usa,0.05,0,49,0
1628,2024-02-13,Pro,Usa,0.05,9,49,1
1629,2024-02-10,Pro,Uk,0.05,0,49,0
1630,2024-03-01,Basic,Usa,0.08,6,19,1
1631,2024-01-19,Basic,Norway,0.08,2,19,1
1632,2024-03-09,Pro,Sweden,0.05,5,49,1
1633,2024-01-10,Basic,Sweden,0.08,1,19,1
1634,2024-02-21,Basic,Other,0.08,0,19,0
1635,2024-02-04,Basic,Uk,0.08,4,19,1
1636,2024-01-18,Basic,Other,0.08,4,19,1
1637,2024-03-07,Basic,Usa,0.08,0,19,0
1638,2024-03-25,Pro,Usa,0.05,2,49,1
1639,2024-02-06,Basic,Uk,0.08,2,19,1
1640,2024-02-25,Basic,Sweden,0.08,8,19,1
1641,2024-04-22,Basic,Usa,0.08,0,19,0
1642,2024-01-21,Basic,Other,0.08,2,19,1
1643,2024-01-26,Pro,Sweden,0.05,12,49,1
1644,2024-03-06,Basic,Other,0.08,0,19,0
1645,2024-03-10,Enterprise,Other,0.03,11,199,1
1646,2024-01-24,Basic,Norway,0.08,0,19,0
1647,2024-02-13,Pro,Germany,0.05,0,49,0
1648,2024-04-18,Pro,Norway,0.05,4,49,1
1649,2024-02-21,Basic,Germany,0.08,0,19,0
1650,2024-04-19,Basic,Usa,0.08,0,19,0
1651,2024-03-04,Pro,Usa,0.05,0,49,0
1652,2024-02-27,Basic,Uk,0.08,12,19,1
1653,2024-02-12,Pro,Sweden,0.05,0,49,0
1654,2024-03-08,Pro,Other,0.05,12,49,1
1655,2024-01-29,Pro,Uk,0.05,2,49,1
1656,2024-02-15,Basic,Uk,0.08,0,19,0
1657,2024-02-09,Basic,Uk,0.08,2,19,1
1658,2024-02-04,Basic,Sweden,0.08,0,19,0
1659,2024-04-21,Basic,Uk,0.08,1,19,1
1660,2024-05-18,Basic,Other,0.08,12,19,1
1661,2024-04-08,Basic,Germany,0.08,7,19,1
1662,2024-03-08,Basic,Uk,0.08,0,19,0
1663,2024-02-04,Basic,Uk,0.08,9,19,1
1664,2024-02-11,Basic,Other,0.08,6,19,1
1665,2024-02-21,Pro,Germany,0.05,11,49,1
1666,2024-02-11,Basic,Usa,0.08,12,19,1
1667,2024-04-23,Pro,Sweden,0.05,0,49,0
1668,2024-02-29,Pro,Norway,0.05,0,49,0
1669,2024-02-03,Basic,Germany,0.08,3,19,1
1670,2024-03-22,Basic,Usa,0.08,4,19,1
1671,2024-02-28,Basic,Usa,0.08,8,19,1
1672,2024-01-18,Pro,Germany,0.05,0,49,0
1673,2024-01-26,Basic,Germany,0.08,6,19,1
1674,2024-01-06,Pro,Uk,0.05,1,49,1
1675,2024-01-30,Basic,Norway,0.08,5,19,1
1676,2024-02-16,Basic,Norway,0.08,12,19,1
1677,2024-02-28,Basic,Sweden,0.08,0,19,0
1678,2024-02-16,Basic,Sweden,0.08,1,19,1
1679,2024-02-21,Pro,Other,0.05,0,49,0
1680,2024-03-24,Basic,Germany,0.08,1,19,1
1681,2024-03-17,Basic,Sweden,0.08,0,19,0
1682,2024-01-18,Basic,Uk,0.08,0,19,0
1683,2024-01-24,Basic,Sweden,0.08,11,19,1
1684,2024-01-12,Pro,Other,0.05,0,49,0
1685,2024-04-14,Basic,Other,0.08,0,19,0
1686,2024-07-16,Pro,Uk,0.05,5,49,1
1687,2024-03-04,Basic,Germany,0.08,0,19,0
1688,2024-02-04,Pro,Sweden,0.05,1,49,1
1689,2024-04-07,Basic,Uk,0.08,2,19,1
1690,2024-06-13,Basic,Uk,0.08,12,19,1
1691,2024-03-28,Basic,Other,0.08,10,19,1
1692,2024-04-30,Basic,Norway,0.08,5,19,1
1693,2024-02-03,Basic,Uk,0.08,5,19,1
1694,2024-02-04,Pro,Norway,0.05,11,49,1
1695,2024-05-08,Pro,Germany,0.05,0,49,0
1696,2024-01-25,Pro,Uk,0.05,4,49,1
1697,2024-02-22,Basic,Uk,0.08,7,19,1
1698,2024-05-27,Pro,Other,0.05,3,49,1
1699,2024-01-22,Basic,Usa,0.08,0,19,0
1700,2024-02-07,Pro,Other,0.05,6,49,1
1701,2024-03-03,Basic,Other,0.08,8,19,1
1702,2024-03-09,Pro,Sweden,0.05,12,49,1
1703,2024-02-27,Basic,Usa,0.08,9,19,1
1704,2024-05-07,Basic,Germany,0.08,0,19,0
1705,2024-01-23,Basic,Sweden,0.08,0,19,0
1706,2024-02-05,Pro,Sweden,0.05,7,49,1
1707,2024-03-31,Pro,Norway,0.05,6,49,1
1708,2024-02-11,Basic,Other,0.08,7,19,1
1709,2024-02-16,Basic,Norway,0.08,0,19,0
1710,2024-04-14,Basic,Germany,0.08,9,19,1
1711,2024-03-05,Basic,Other,0.08,12,19,1
1712,2024-02-04,Pro,Germany,0.05,4,49,1
1713,2024-02-27,Basic,Sweden,0.08,4,19,1
1714,2024-01-26,Pro,Sweden,0.05,3,49,1
1715,2024-02-09,Pro,Germany,0.05,0,49,0
1716,2024-03-24,Basic,Sweden,0.08,0,19,0
1717,2024-01-28,Basic,Uk,0.08,0,19,0
1718,2024-02-11,Basic,Usa,0.08,1,19,1
1719,2024-03-03,Basic,Sweden,0.08,0,19,0
1720,2024-01-28,Basic,Sweden,0.08,3,19,1
1721,2024-02-21,Pro,Sweden,0.05,6,49,1
1722,2024-02-11,Pro,Germany,0.05,7,49,1
1723,2024-03-23,Basic,Sweden,0.08,8,19,1
1724,2024-02-18,Pro,Sweden,0.05,11,49,1
1725,2024-01-13,Pro,Other,0.05,0,49,0
1726,2024-05-07,Basic,Norway,0.08,6,19,1
1727,2024-02-05,Pro,Sweden,0.05,6,49,1
1728,2024-03-04,Basic,Sweden,0.08,8,19,1
1729,2024-01-23,Pro,Sweden,0.05,7,49,1
1730,2024-03-13,Basic,Uk,0.08,0,19,0
1731,2024-02-02,Basic,Norway,0.08,0,19,0
1732,2024-02-17,Basic,Uk,0.08,9,19,1
1733,2024-03-04,Basic,Uk,0.08,2,19,1
1734,2024-02-23,Enterprise,Germany,0.03,1,199,1
1735,2024-03-31,Pro,Sweden,0.05,4,49,1
1736,2024-01-17,Pro,Uk,0.05,0,49,0
1737,2024-05-12,Pro,Norway,0.05,4,49,1
1738,2024-02-08,Enterprise,Norway,0.03,0,199,0
1739,2024-04-07,Basic,Uk,0.08,0,19,0
1740,2024-01-23,Basic,Usa,0.08,9,19,1
1741,2024-01-25,Pro,Sweden,0.05,0,49,0
1742,2024-04-25,Pro,Other,0.05,9,49,1
1743,2024-02-01,Pro,Germany,0.05,5,49,1
1744,2024-02-14,Pro,Sweden,0.05,0,49,0
1745,2024-01-24,Pro,Norway,0.05,9,49,1
1746,2024-04-30,Basic,Usa,0.08,0,19,0
1747,2024-02-22,Basic,Usa,0.08,0,19,0
1748,2024-02-12,Pro,Uk,0.05,0,49,0
1749,2024-03-24,Basic,Usa,0.08,0,19,0
1750,2024-02-13,Basic,Usa,0.08,6,19,1
1751,2024-01-29,Pro,Uk,0.05,0,49,0
1752,2024-02-28,Basic,Germany,0.08,3,19,1
1753,2024-03-03,Basic,Other,0.08,0,19,0
1754,2024-05-03,Basic,Sweden,0.08,1,19,1
1755,2024-03-02,Basic,Other,0.08,6,19,1
1756,2024-06-06,Basic,Sweden,0.08,11,19,1
1757,2024-02-01,Pro,Usa,0.05,0,49,0
1758,2024-03-16,Enterprise,Sweden,0.03,0,199,0
1759,2024-03-17,Pro,Sweden,0.05,0,49,0
1760,2024-04-11,Basic,Usa,0.08,0,19,0
1761,2024-01-31,Pro,Germany,0.05,0,49,0
1762,2024-01-31,Pro,Norway,0.05,10,49,1
1763,2024-01-02,Basic,Other,0.08,0,19,0
1764,2024-03-28,Pro,Norway,0.05,7,49,1
1765,2024-03-09,Basic,Other,0.08,0,19,0
1766,2024-01-31,Pro,Norway,0.05,9,49,1
1767,2024-01-15,Pro,Sweden,0.05,0,49,0
1768,2024-02-12,Basic,Norway,0.08,3,19,1
1769,2024-04-02,Basic,Uk,0.08,0,19,0
1770,2024-01-23,Basic,Usa,0.08,11,19,1
1771,2024-01-16,Enterprise,Norway,0.03,0,199,0
1772,2024-01-22,Basic,Other,0.08,7,19,1
1773,2024-02-02,Pro,Germany,0.05,0,49,0
1774,2024-02-19,Basic,Norway,0.08,0,19,0
1775,2024-04-11,Pro,Norway,0.05,0,49,0
1776,2024-03-07,Basic,Uk,0.08,0,19,0
1777,2024-01-21,Enterprise,Usa,0.03,6,199,1
1778,2024-02-25,Pro,Other,0.05,0,49,0
1779,2024-03-06,Basic,Sweden,0.08,3,19,1
1780,2024-05-15,Basic,Uk,0.08,0,19,0
1781,2024-02-02,Pro,Norway,0.05,5,49,1
1782,2024-01-24,Basic,Usa,0.08,5,19,1
1783,2024-02-14,Pro,Other,0.05,0,49,0
1784,2024-03-29,Basic,Usa,0.08,4,19,1
1785,2024-02-25,Basic,Uk,0.08,0,19,0
1786,2024-03-14,Pro,Sweden,0.05,0,49,0
1787,2024-01-19,Pro,Sweden,0.05,0,49,0
1788,2024-05-27,Basic,Usa,0.08,8,19,1
1789,2024-07-16,Basic,Norway,0.08,2,19,1
1790,2024-01-13,Basic,Other,0.08,4,19,1
1791,2024-04-19,Pro,Other,0.05,0,49,0
1792,2024-01-23,Basic,Usa,0.08,6,19,1
1793,2024-02-25,Basic,Sweden,0.08,1,19,1
1794,2024-02-16,Basic,Norway,0.08,0,19,0
1795,2024-03-20,Pro,Uk,0.05,0,49,0
1796,2024-01-23,Basic,Usa,0.08,9,19,1
1797,2024-07-15,Basic,Other,0.08,0,19,0
1798,2024-01-28,Pro,Germany,0.05,0,49,0
1799,2024-05-05,Pro,Other,0.05,0,49,0
1800,2024-02-02,Basic,Norway,0.08,0,19,0
1801,2024-03-18,Pro,Sweden,0.05,0,49,0
1802,2024-02-04,Basic,Germany,0.08,10,19,1
1803,2024-03-21,Pro,Sweden,0.05,0,49,0
1804,2024-02-04,Pro,Sweden,0.05,0,49,0
1805,2024-01-27,Basic,Other,0.08,0,19,0
1806,2024-03-17,Pro,Germany,0.05,0,49,0
1807,2024-03-05,Pro,Sweden,0.05,4,49,1
1808,2024-01-22,Pro,Usa,0.05,0,49,0
1809,2024-01-05,Basic,Germany,0.08,0,19,0
1810,2024-02-03,Enterprise,Germany,0.03,0,199,0
1811,2024-02-05,Basic,Norway,0.08,0,19,0
1812,2024-02-14,Pro,Germany,0.05,0,49,0
1813,2024-03-05,Basic,Germany,0.08,7,19,1
1814,2024-02-01,Pro,Sweden,0.05,0,49,0
1815,2024-03-16,Pro,Uk,0.05,12,49,1
1816,2024-01-18,Pro,Uk,0.05,6,49,1
1817,2024-02-05,Pro,Norway,0.05,0,49,0
1818,2024-02-04,Basic,Norway,0.08,0,19,0
1819,2024-04-08,Basic,Germany,0.08,12,19,1
1820,2024-03-09,Basic,Usa,0.08,0,19,0
1821,2024-03-04,Enterprise,Usa,0.03,0,199,0
1822,2024-02-13,Pro,Norway,0.05,4,49,1
1823,2024-01-24,Pro,Usa,0.05,0,49,0
1824,2024-02-08,Pro,Uk,0.05,0,49,0
1825,2024-03-14,Basic,Other,0.08,5,19,1
1826,2024-05-24,Pro,Usa,0.05,10,49,1
1827,2024-02-15,Pro,Uk,0.05,0,49,0
1828,2024-01-19,Basic,Usa,0.08,8,19,1
1829,2024-03-24,Basic,Uk,0.08,0,19,0
1830,2024-02-10,Basic,Usa,0.08,0,19,0
1831,2024-01-12,Enterprise,Other,0.03,0,199,0
1832,2024-04-07,Basic,Sweden,0.08,10,19,1
1833,2024-04-03,Pro,Other,0.05,2,49,1
1834,2024-02-24,Basic,Usa,0.08,2,19,1
1835,2024-04-02,Pro,Usa,0.05,1,49,1
1836,2024-01-21,Basic,Uk,0.08,0,19,0
1837,2024-01-21,Pro,Other,0.05,0,49,0
1838,2024-05-16,Pro,Germany,0.05,2,49,1
1839,2024-04-24,Enterprise,Germany,0.03,0,199,0
1840,2024-01-27,Pro,Germany,0.05,0,49,0
1841,2024-02-03,Basic,Uk,0.08,6,19,1
1842,2024-02-13,Pro,Uk,0.05,10,49,1
1843,2024-02-09,Basic,Germany,0.08,12,19,1
1844,2024-03-02,Pro,Other,0.05,0,49,0
1845,2024-03-08,Basic,Other,0.08,0,19,0
1846,2024-03-18,Pro,Usa,0.05,0,49,0
1847,2024-04-30,Basic,Usa,0.08,2,19,1
1848,2024-01-30,Basic,Sweden,0.08,1,19,1
1849,2024-02-13,Basic,Germany,0.08,0,19,0
1850,2024-01-26,Enterprise,Sweden,0.03,0,199,0
1851,2024-01-11,Pro,Uk,0.05,0,49,0
1852,2024-04-14,Basic,Norway,0.08,0,19,0
1853,2024-03-05,Basic,Sweden,0.08,2,19,1
1854,2024-05-03,Basic,Germany,0.08,0,19,0
1855,2024-01-31,Basic,Norway,0.08,0,19,0
1856,2024-03-30,Basic,Germany,0.08,0,19,0
1857,2024-01-25,Pro,Other,0.05,0,49,0
1858,2024-02-01,Basic,Other,0.08,0,19,0
1859,2024-02-23,Enterprise,Norway,0.03,8,199,1
1860,2024-01-17,Pro,Uk,0.05,3,49,1
1861,2024-01-22,Basic,Uk,0.08,11,19,1
1862,2024-02-04,Pro,Other,0.05,4,49,1
1863,2024-02-14,Basic,Sweden,0.08,0,19,0
1864,2024-03-02,Basic,Other,0.08,5,19,1
1865,2024-04-06,Pro,Norway,0.05,0,49,0
1866,2024-01-28,Enterprise,Sweden,0.03,3,199,1
1867,2024-01-24,Basic,Other,0.08,11,19,1
1868,2024-01-29,Basic,Norway,0.08,5,19,1
1869,2024-02-06,Basic,Sweden,0.08,8,19,1
1870,2024-02-09,Pro,Sweden,0.05,12,49,1
1871,2024-02-21,Basic,Norway,0.08,0,19,0
1872,2024-03-16,Pro,Norway,0.05,0,49,0
1873,2024-02-03,Pro,Usa,0.05,6,49,1
1874,2024-03-04,Basic,Usa,0.08,8,19,1
1875,2024-02-04,Basic,Uk,0.08,0,19,0
1876,2024-04-06,Pro,Uk,0.05,0,49,0
1877,2024-01-10,Pro,Other,0.05,9,49,1
1878,2024-06-09,Enterprise,Norway,0.03,0,199,0
1879,2024-02-04,Basic,Norway,0.08,0,19,0
1880,2024-04-20,Basic,Uk,0.08,0,19,0
1881,2024-02-06,Basic,Norway,0.08,0,19,0
1882,2024-01-27,Basic,Sweden,0.08,11,19,1
1883,2024-01-20,Pro,Uk,0.05,2,49,1
1884,2024-03-07,Basic,Sweden,0.08,0,19,0
1885,2024-01-04,Basic,Usa,0.08,4,19,1
1886,2024-02-09,Basic,Usa,0.08,3,19,1
1887,2024-02-08,Pro,Uk,0.05,0,49,0
1888,2024-02-22,Basic,Usa,0.08,0,19,0
1889,2024-02-04,Basic,Norway,0.08,4,19,1
1890,2024-03-09,Basic,Other,0.08,2,19,1
1891,2024-03-20,Pro,Uk,0.05,0,49,0
1892,2024-03-30,Basic,Germany,0.08,0,19,0
1893,2024-03-17,Basic,Norway,0.08,0,19,0
1894,2024-04-26,Enterprise,Norway,0.03,0,199,0
1895,2024-02-14,Pro,Other,0.05,0,49,0
1896,2024-02-11,Pro,Germany,0.05,0,49,0
1897,2024-03-03,Basic,Sweden,0.08,8,19,1
1898,2024-03-25,Basic,Norway,0.08,2,19,1
1899,2024-04-10,Basic,Other,0.08,0,19,0
1900,2024-02-28,Basic,Usa,0.08,10,19,1
1901,2024-04-21,Basic,Norway,0.08,7,19,1
1902,2024-01-31,Pro,Norway,0.05,12,49,1
1903,2024-02-21,Basic,Germany,0.08,0,19,0
1904,2024-03-23,Pro,Norway,0.05,4,49,1
1905,2024-02-21,Pro,Usa,0.05,0,49,0
1906,2024-03-07,Basic,Germany,0.08,0,19,0
1907,2024-03-25,Pro,Usa,0.05,0,49,0
1908,2024-02-06,Pro,Other,0.05,1,49,1
1909,2024-01-25,Basic,Uk,0.08,2,19,1
1910,2024-01-29,Basic,Uk,0.08,5,19,1
1911,2024-02-24,Basic,Uk,0.08,2,19,1
1912,2024-05-29,Basic,Sweden,0.08,6,19,1
1913,2024-02-06,Pro,Germany,0.05,0,49,0
1914,2024-02-28,Basic,Usa,0.08,6,19,1
1915,2024-01-25,Basic,Other,0.08,6,19,1
1916,2024-03-11,Pro,Other,0.05,0,49,0
1917,2024-03-13,Basic,Usa,0.08,4,19,1
1918,2024-02-08,Basic,Uk,0.08,0,19,0
1919,2024-02-27,Basic,Norway,0.08,2,19,1
1920,2024-05-14,Pro,Other,0.05,0,49,0
1921,2024-01-29,Basic,Other,0.08,0,19,0
1922,2024-02-16,Basic,Other,0.08,7,19,1
1923,2024-02-03,Pro,Germany,0.05,0,49,0
1924,2024-01-15,Basic,Usa,0.08,7,19,1
1925,2024-05-04,Basic,Uk,0.08,11,19,1
1926,2024-01-21,Basic,Sweden,0.08,0,19,0
1927,2024-02-02,Pro,Germany,0.05,0,49,0
1928,2024-02-19,Basic,Germany,0.08,8,19,1
1929,2024-02-22,Basic,Uk,0.08,5,19,1
1930,2024-02-17,Pro,Norway,0.05,0,49,0
1931,2024-01-23,Basic,Germany,0.08,11,19,1
1932,2024-01-15,Basic,Germany,0.08,4,19,1
1933,2024-01-26,Pro,Uk,0.05,6,49,1
1934,2024-03-18,Pro,Uk,0.05,0,49,0
1935,2024-03-05,Pro,Usa,0.05,3,49,1
1936,2024-02-11,Enterprise,Usa,0.03,0,199,0
1937,2024-02-16,Pro,Norway,0.05,0,49,0
1938,2024-02-19,Pro,Uk,0.05,0,49,0
1939,2024-03-13,Basic,Norway,0.08,1,19,1
1940,2024-01-29,Basic,Norway,0.08,9,19,1
1941,2024-06-11,Basic,Usa,0.08,12,19,1
1942,2024-02-08,Basic,Uk,0.08,0,19,0
1943,2024-04-07,Pro,Usa,0.05,7,49,1
1944,2024-03-28,Basic,Uk,0.08,0,19,0
1945,2024-04-07,Basic,Other,0.08,5,19,1
1946,2024-01-20,Basic,Other,0.08,2,19,1
1947,2024-03-01,Basic,Sweden,0.08,4,19,1
1948,2024-02-11,Basic,Sweden,0.08,2,19,1
1949,2024-01-25,Basic,Norway,0.08,0,19,0
1950,2024-01-30,Basic,Usa,0.08,4,19,1
1951,2024-01-07,Enterprise,Germany,0.03,0,199,0
1952,2024-02-14,Pro,Usa,0.05,2,49,1
1953,2024-02-17,Pro,Usa,0.05,1,49,1
1954,2024-03-03,Basic,Sweden,0.08,8,19,1
1955,2024-02-28,Basic,Usa,0.08,1,19,1
1956,2024-04-19,Basic,Germany,0.08,1,19,1
1957,2024-04-29,Pro,Other,0.05,3,49,1
1958,2024-01-23,Basic,Sweden,0.08,2,19,1
1959,2024-03-16,Basic,Uk,0.08,0,19,0
1960,2024-04-06,Enterprise,Usa,0.03,12,199,1
1961,2024-01-19,Pro,Uk,0.05,8,49,1
1962,2024-05-28,Pro,Germany,0.05,0,49,0
1963,2024-03-02,Basic,Norway,0.08,2,19,1
1964,2024-02-16,Basic,Uk,0.08,4,19,1
1965,2024-03-22,Basic,Sweden,0.08,1,19,1
1966,2024-02-07,Pro,Sweden,0.05,0,49,0
1967,2024-04-05,Pro,Usa,0.05,6,49,1
1968,2024-03-19,Basic,Uk,0.08,4,19,1
1969,2024-03-03,Basic,Other,0.08,11,19,1
1970,2024-04-14,Pro,Germany,0.05,0,49,0
1971,2024-03-25,Basic,Other,0.08,0,19,0
1972,2024-06-09,Pro,Sweden,0.05,8,49,1
1973,2024-02-20,Basic,Sweden,0.08,10,19,1
1974,2024-03-06,Pro,Norway,0.05,0,49,0
1975,2024-03-08,Basic,Sweden,0.08,0,19,0
1976,2024-02-28,Basic,Germany,0.08,0,19,0
1977,2024-03-18,Basic,Usa,0.08,1,19,1
1978,2024-01-24,Pro,Other,0.05,0,49,0
1979,2024-02-25,Pro,Uk,0.05,10,49,1
1980,2024-02-17,Basic,Germany,0.08,0,19,0
1981,2024-04-13,Basic,Sweden,0.08,0,19,0
1982,2024-05-02,Basic,Sweden,0.08,1,19,1
1983,2024-03-17,Pro,Usa,0.05,0,49,0
1984,2024-02-19,Basic,Usa,0.08,5,19,1
1985,2024-02-16,Pro,Norway,0.05,8,49,1
1986,2024-02-10,Basic,Germany,0.08,4,19,1
1987,2024-01-17,Basic,Norway,0.08,0,19,0
1988,2024-01-29,Pro,Germany,0.05,2,49,1
1989,2024-04-03,Basic,Uk,0.08,0,19,0
1990,2024-03-05,Pro,Germany,0.05,2,49,1
1991,2024-04-21,Pro,Usa,0.05,0,49,0
1992,2024-01-19,Pro,Uk,0.05,6,49,1
1993,2024-03-10,Basic,Norway,0.08,0,19,0
1994,2024-02-14,Basic,Uk,0.08,6,19,1
1995,2024-02-15,Pro,Sweden,0.05,4,49,1
1996,2024-02-10,Pro,Germany,0.05,9,49,1
1997,2024-01-24,Pro,Uk,0.05,0,49,0
1998,2024-02-12,Pro,Uk,0.05,9,49,1
1999,2024-02-28,Basic,Norway,0.08,0,19,0
2000,2024-02-06,Basic,Other,0.08,5,19,1
